request_id,evaluation_id,run_id,item_begin,is_success,is_excluded,hard_failure,cycle_length_in_seconds,ml_model
KojdEtNlrnIp0puGIu1UKA==,6004,20211124-173803-DlKpjRo7,2021-11-24 17:38:27.537038 UTC,TRUE,FALSE,FALSE,6.588,model_A
DecHxefEavFVVIS4mdDmXA==,6004,20211124-173803-DlKpjRo7,2021-11-24 17:38:34.1259 UTC,FALSE,FALSE,TRUE,11.558,model_A
E7uLxQikkawwZFeWNMkxOg==,6004,20211124-173803-DlKpjRo7,2021-11-24 17:38:56.964779 UTC,FALSE,FALSE,TRUE,6.909,model_A
1lcM2iGeKOOM9bKgpXiZUg==,6004,20211124-173803-DlKpjRo7,2021-11-24 17:39:14.467117 UTC,FALSE,FALSE,TRUE,12.774,model_A
G+z55xMbvwM3oyDhDGRNqw==,6004,20211124-173803-DlKpjRo7,2021-11-24 17:39:33.89777 UTC,FALSE,FALSE,TRUE,7.85,model_A
MxLs1f2T7kculjHlpFqXIA==,6004,20211124-173803-DlKpjRo7,2021-11-24 17:39:56.979542 UTC,FALSE,FALSE,TRUE,6.953,model_A
eg3N9kZMm2uNpzxkcgHTMg==,6004,20211124-173803-DlKpjRo7,2021-11-24 17:40:10.568653 UTC,TRUE,FALSE,FALSE,6.571,model_A
KKrSWMZ9S9OMDG4il5EK1g==,6004,20211124-173803-DlKpjRo7,2021-11-24 17:40:17.140256 UTC,FALSE,FALSE,TRUE,5.483,model_A
DCYR6P6G5j26oDpKXk3k2A==,6004,20211124-173803-DlKpjRo7,2021-11-24 17:40:29.234363 UTC,TRUE,FALSE,FALSE,5.154,model_A
hNX8VezazTqY1RRIzggV6A==,6004,20211124-173803-DlKpjRo7,2021-11-24 17:40:34.388689 UTC,TRUE,FALSE,FALSE,6.979,model_A
WXTKJ1EgfYvDQEqIzrkEEw==,6004,20211124-173803-DlKpjRo7,2021-11-24 17:40:41.368213 UTC,TRUE,FALSE,FALSE,5.312,model_A
hCFVRCFCNd5+bVYZo5+90w==,6004,20211124-173803-DlKpjRo7,2021-11-24 17:40:46.680525 UTC,TRUE,FALSE,FALSE,4.508,model_A
cwlqQ2TylRy4iJxtZr1v9w==,6004,20211124-173803-DlKpjRo7,2021-11-24 17:40:51.188528 UTC,TRUE,FALSE,FALSE,5.534,model_A
fPqVR93RLScNUV0Eg3k6AQ==,6004,20211124-173803-DlKpjRo7,2021-11-24 17:40:56.723491 UTC,TRUE,FALSE,FALSE,5.618,model_A
K9J3M5uw6MJx1BAJuAcMmg==,6004,20211124-173803-DlKpjRo7,2021-11-24 17:41:02.341709 UTC,TRUE,FALSE,FALSE,6.067,model_A
124di+kt+BZfCQlIedB8eA==,6004,20211124-173803-DlKpjRo7,2021-11-24 17:41:08.40888 UTC,TRUE,FALSE,FALSE,5.709,model_A
yhvFczIMiuh5HYVnHtio7g==,6004,20211124-173803-DlKpjRo7,2021-11-24 17:41:14.118005 UTC,FALSE,TRUE,FALSE,0.717,model_A
xJTxI7dbrrUNttHHANTHDA==,6025,20211124-232402-AKOKt7ct,2021-11-24 23:24:23.056585 UTC,TRUE,FALSE,FALSE,6.836,model_A
yc6hDjwS/asDGZh0ukaESA==,6025,20211124-232402-AKOKt7ct,2021-11-24 23:24:29.893152 UTC,TRUE,FALSE,FALSE,4.049,model_A
6d5Ar7EKmtzU7f37molsCQ==,6025,20211124-232402-AKOKt7ct,2021-11-24 23:24:33.94276 UTC,TRUE,FALSE,FALSE,9.605,model_A
xCdMC4nlYqFUyBc3XIThpA==,6025,20211124-232402-AKOKt7ct,2021-11-24 23:24:43.548375 UTC,TRUE,FALSE,FALSE,4.473,model_A
ipaeI6S0CgFveCgOmScewg==,6025,20211124-232402-AKOKt7ct,2021-11-24 23:24:48.021946 UTC,TRUE,FALSE,FALSE,4.472,model_A
AxEBKOM9MPkA7gabMpSLLA==,6025,20211124-232402-AKOKt7ct,2021-11-24 23:24:52.494191 UTC,TRUE,FALSE,FALSE,4.303,model_A
+32DMt07VqZv2TtFJa4n1Q==,6025,20211124-232402-AKOKt7ct,2021-11-24 23:24:56.797688 UTC,TRUE,FALSE,FALSE,9.456,model_A
8a8FxOeDi2xOcatbbxySOA==,6025,20211124-232402-AKOKt7ct,2021-11-24 23:25:06.254434 UTC,TRUE,FALSE,FALSE,4.797,model_A
fxzdMxMmh5/xBvGEE6//Gg==,6025,20211124-232402-AKOKt7ct,2021-11-24 23:25:11.051845 UTC,TRUE,FALSE,FALSE,4.809,model_A
BxrGmrTSn6qBbZijBmFa7w==,6025,20211124-232402-AKOKt7ct,2021-11-24 23:25:15.861322 UTC,TRUE,FALSE,FALSE,6.194,model_A
VffYoDMSdjC2L2cesSP79w==,6025,20211124-232402-AKOKt7ct,2021-11-24 23:25:22.055357 UTC,FALSE,FALSE,TRUE,7.588,model_A
/NcwM1TNgyVKAZIlg5q7pw==,6025,20211124-232402-AKOKt7ct,2021-11-24 23:25:38.201847 UTC,TRUE,FALSE,FALSE,11.508,model_A
Dwbo1h7WaOWuiBUyHsztTw==,6025,20211124-232402-AKOKt7ct,2021-11-24 23:25:49.710414 UTC,TRUE,FALSE,FALSE,5.234,model_A
quk/aIrBWY7uUPxzF2FgnA==,6025,20211124-232402-AKOKt7ct,2021-11-24 23:25:54.944539 UTC,TRUE,FALSE,FALSE,9.671,model_A
PuQirhnwP35n6w6k58eBXw==,6025,20211124-232402-AKOKt7ct,2021-11-24 23:26:04.616367 UTC,TRUE,FALSE,FALSE,5.385,model_A
uDdM9gj4kvwqAm2pN3Z0Zw==,6025,20211124-232402-AKOKt7ct,2021-11-24 23:26:10.00208 UTC,TRUE,FALSE,FALSE,4.857,model_A
0u8F6MQ84x8YY1xQliSXaA==,6025,20211124-232402-AKOKt7ct,2021-11-24 23:26:14.859706 UTC,TRUE,FALSE,FALSE,4.94,model_A
D9KeH8WGivQwTk/hddaijQ==,6025,20211124-232402-AKOKt7ct,2021-11-24 23:26:19.800549 UTC,TRUE,FALSE,FALSE,6.107,model_A
9rvsxSWjA+siT3+/C5bbQw==,6025,20211124-232402-AKOKt7ct,2021-11-24 23:26:25.908044 UTC,TRUE,FALSE,FALSE,6.491,model_A
XeNfaRW361mLxykSkWpxSg==,6025,20211124-232402-AKOKt7ct,2021-11-24 23:26:32.399123 UTC,TRUE,FALSE,FALSE,8.945,model_A
+Bje/qxj7u8AUTNa32TX6w==,6025,20211124-232402-AKOKt7ct,2021-11-24 23:26:41.344392 UTC,TRUE,FALSE,FALSE,22.077,model_A
i/KQpq8lhOqFTWFyVRYmqA==,6025,20211124-232402-AKOKt7ct,2021-11-24 23:27:03.421992 UTC,TRUE,FALSE,FALSE,5.242,model_A
29bFaFdBbR36je/W4s0w1w==,6025,20211124-232402-AKOKt7ct,2021-11-24 23:27:08.664347 UTC,TRUE,FALSE,FALSE,4.738,model_A
3jLUSt9hDzOYRC8tWBvtdw==,6025,20211124-232402-AKOKt7ct,2021-11-24 23:27:13.403147 UTC,TRUE,FALSE,FALSE,4.944,model_A
Sqjy41PI/lJJip2wcQKtuA==,6025,20211124-232402-AKOKt7ct,2021-11-24 23:27:18.347993 UTC,TRUE,FALSE,FALSE,6.463,model_A
gPq0/r4j8BgMQ5g0S+E4cw==,6025,20211124-232402-AKOKt7ct,2021-11-24 23:27:24.811624 UTC,TRUE,FALSE,FALSE,5.097,model_A
WsmgmLeMvIDD+PWTCoxf/g==,6025,20211124-232402-AKOKt7ct,2021-11-24 23:27:29.909547 UTC,TRUE,FALSE,FALSE,5.04,model_A
HeBcql7zX4FCzlqw9mx9xw==,6025,20211124-232402-AKOKt7ct,2021-11-24 23:27:34.949752 UTC,TRUE,FALSE,FALSE,4.647,model_A
NWh0R7getXMFXEk7qS9UYw==,6025,20211124-232402-AKOKt7ct,2021-11-24 23:27:39.597746 UTC,TRUE,FALSE,FALSE,6.694,model_A
r14Gav7zwl8Ie9L1YwUYew==,6025,20211124-232402-AKOKt7ct,2021-11-24 23:27:46.292205 UTC,TRUE,FALSE,FALSE,4.708,model_A
i1joriKjLmdWE+o42wqF2g==,6025,20211124-232402-AKOKt7ct,2021-11-24 23:27:51.000472 UTC,TRUE,FALSE,FALSE,4.903,model_A
bVwJuTKhJG1LHzuuFBwThw==,6025,20211124-232402-AKOKt7ct,2021-11-24 23:27:55.903476 UTC,TRUE,FALSE,FALSE,4.794,model_A
Ay+7U93tj0NCAu3Lh0FFLg==,6025,20211124-232402-AKOKt7ct,2021-11-24 23:28:00.697876 UTC,TRUE,FALSE,FALSE,5.099,model_A
F1P4Zd9dfokpptHNTrTGBw==,6025,20211124-232402-AKOKt7ct,2021-11-24 23:28:05.797745 UTC,FALSE,TRUE,FALSE,0.697,model_A
DG+BfmXRHBULHynTWdZVQw==,6025,20211124-232402-AKOKt7ct,2021-11-24 23:29:15.42009 UTC,TRUE,FALSE,FALSE,9.156,model_A
tmVe1UhX6DZmkT1C7RPtew==,6025,20211124-232402-AKOKt7ct,2021-11-24 23:29:24.576462 UTC,TRUE,FALSE,FALSE,6.447,model_A
8CV0/8JezHTocm5LEJVbMA==,6025,20211124-232402-AKOKt7ct,2021-11-24 23:29:31.024239 UTC,TRUE,FALSE,FALSE,8.892,model_A
VhIf/zCf60+euPMqlewHZQ==,6025,20211124-232402-AKOKt7ct,2021-11-24 23:29:39.916769 UTC,TRUE,FALSE,FALSE,4.701,model_A
ZwmzTnbDfRxFBVpEIXLecw==,6025,20211124-232402-AKOKt7ct,2021-11-24 23:29:44.618099 UTC,TRUE,FALSE,FALSE,9.678,model_A
SnFkKntZyNFpX+tRMYLTXA==,6025,20211124-232402-AKOKt7ct,2021-11-24 23:29:54.29687 UTC,TRUE,FALSE,FALSE,8.501,model_A
kLFVyKqLZ7wOK3SZPF+RyA==,6025,20211124-232402-AKOKt7ct,2021-11-24 23:30:02.798597 UTC,TRUE,FALSE,FALSE,5.952,model_A
28C3a7Cdivf1ZnESsiUjJg==,6025,20211124-232402-AKOKt7ct,2021-11-24 23:30:08.750916 UTC,FALSE,FALSE,TRUE,25.418,model_A
b4fh4WFwuEINIVnkxbAv0g==,6025,20211124-232402-AKOKt7ct,2021-11-24 23:30:34.169859 UTC,TRUE,FALSE,FALSE,4.931,model_A
eCCkpe7BY4pzmh8uj9IUYQ==,6025,20211124-232402-AKOKt7ct,2021-11-24 23:30:39.100899 UTC,TRUE,FALSE,FALSE,4.54,model_A
VkzxuS7Wkjiuy7H95tEb5w==,6025,20211124-232402-AKOKt7ct,2021-11-24 23:30:43.640994 UTC,TRUE,FALSE,FALSE,5.07,model_A
CYCWA3qkz+WZ/RAWU6Zw3g==,6025,20211124-232402-AKOKt7ct,2021-11-24 23:30:48.711088 UTC,TRUE,FALSE,FALSE,4.838,model_A
Kw5idkESRpwkpEfxLZkTOA==,6025,20211124-232402-AKOKt7ct,2021-11-24 23:30:53.54925 UTC,TRUE,FALSE,FALSE,6.105,model_A
OXj9DsUfQk7bxWlxolYFow==,6025,20211124-232402-AKOKt7ct,2021-11-24 23:30:59.655184 UTC,TRUE,FALSE,FALSE,4.605,model_A
xo3UkiXg/3MjkV6XDEn0ag==,6025,20211124-232402-AKOKt7ct,2021-11-24 23:31:04.260232 UTC,TRUE,FALSE,FALSE,4.537,model_A
CmMlybR+KgIdEkXAbnn3rg==,6025,20211124-232402-AKOKt7ct,2021-11-24 23:31:08.79804 UTC,TRUE,FALSE,FALSE,4.861,model_A
nvmQ/irn2avV0fBTCeuZew==,6025,20211124-232402-AKOKt7ct,2021-11-24 23:31:13.659943 UTC,TRUE,FALSE,FALSE,5.086,model_A
FxyICT1Gnjj14wFUDmNQNw==,6025,20211124-232402-AKOKt7ct,2021-11-24 23:31:18.746805 UTC,TRUE,FALSE,FALSE,6.904,model_A
NYN+BNoedlmHdBFl8a7VDQ==,6025,20211124-232402-AKOKt7ct,2021-11-24 23:31:25.651154 UTC,TRUE,FALSE,FALSE,4.697,model_A
32tVYphl0thGeWZ4fBkPwA==,6025,20211124-232402-AKOKt7ct,2021-11-24 23:31:30.348405 UTC,TRUE,FALSE,FALSE,4.744,model_A
kHD8Hk+qxZsgqPbOitahcw==,6025,20211124-232402-AKOKt7ct,2021-11-24 23:31:35.092614 UTC,TRUE,FALSE,FALSE,5.113,model_A
TpkyFLjWNFg6f+eKO4K1Dg==,6025,20211124-232402-AKOKt7ct,2021-11-24 23:31:40.205976 UTC,TRUE,FALSE,FALSE,4.605,model_A
qkYqh+IImnJyLn2wpvx2/g==,6025,20211124-232402-AKOKt7ct,2021-11-24 23:31:44.811502 UTC,TRUE,FALSE,FALSE,9.478,model_A
QW0nynFnyRS15r3Yxr1uvA==,6025,20211124-232402-AKOKt7ct,2021-11-24 23:31:54.289807 UTC,TRUE,FALSE,FALSE,9.977,model_A
XF5g/7uVOAM1AFCYsJyptg==,6025,20211124-232402-AKOKt7ct,2021-11-24 23:32:04.266857 UTC,TRUE,FALSE,FALSE,9.248,model_A
XYpn2ZcMvjL9TfsLAj+lLg==,6025,20211124-232402-AKOKt7ct,2021-11-24 23:32:13.514995 UTC,TRUE,FALSE,FALSE,10.487,model_A
AoqPQJyj/tbIZQqebDoJnw==,6025,20211124-232402-AKOKt7ct,2021-11-24 23:32:24.002411 UTC,TRUE,FALSE,FALSE,16.7,model_A
Apb9PvGDMUWogugNjuZmAQ==,6025,20211124-232402-AKOKt7ct,2021-11-24 23:32:40.703009 UTC,TRUE,FALSE,FALSE,11.801,model_A
2YJN5t+/YWsnvC+gBRRd8Q==,6025,20211124-232402-AKOKt7ct,2021-11-24 23:32:52.505003 UTC,TRUE,FALSE,FALSE,10.155,model_A
CnSnNdmzqwSbHGUkum4PJA==,6025,20211124-232402-AKOKt7ct,2021-11-24 23:33:02.660842 UTC,TRUE,FALSE,FALSE,5.042,model_A
hEYlQjYDuCZ3QZmK0bIgTA==,6025,20211124-232402-AKOKt7ct,2021-11-24 23:33:07.703355 UTC,TRUE,FALSE,FALSE,5.354,model_A
siWnX2nxs72aIUNF0TVFSg==,6025,20211124-232402-AKOKt7ct,2021-11-24 23:33:13.058234 UTC,TRUE,FALSE,FALSE,4.939,model_A
JbsAzA4YYGl3lWCbqboNRQ==,6025,20211124-232402-AKOKt7ct,2021-11-24 23:33:17.998021 UTC,FALSE,TRUE,FALSE,1.027,model_A
FB6LPM9D1+A1VOBVSyygNw==,6022,20211124-222722-idpSMExi,2021-11-24 22:30:51.008998 UTC,TRUE,FALSE,FALSE,5.872,model_A
gHEqNZZzkJ1fkvQ+Yf8k/g==,6022,20211124-222722-idpSMExi,2021-11-24 22:30:56.881144 UTC,FALSE,FALSE,TRUE,5.761,model_A
XBV+adu/036ptUanqaji8w==,6022,20211124-222722-idpSMExi,2021-11-24 22:31:12.231043 UTC,TRUE,FALSE,FALSE,7.78,model_A
0jHykwfInavAdH+cKUpagw==,6022,20211124-222722-idpSMExi,2021-11-24 22:31:20.011578 UTC,TRUE,FALSE,FALSE,15.684,model_A
fZfK875OwQ25C50Ju1l8jg==,6022,20211124-222722-idpSMExi,2021-11-24 22:31:35.696036 UTC,TRUE,FALSE,FALSE,6.258,model_A
wor8B2e7a12H0BrQTA25xg==,6022,20211124-222722-idpSMExi,2021-11-24 22:31:41.954766 UTC,FALSE,FALSE,TRUE,7.302,model_A
I5jqMm89goYzM0D3bnw3FQ==,6022,20211124-222722-idpSMExi,2021-11-24 22:32:39.520433 UTC,FALSE,FALSE,TRUE,15.175,model_A
cGQ0FGLPbYWWGnyYuGdCrQ==,6022,20211124-222722-idpSMExi,2021-11-24 22:35:21.739048 UTC,TRUE,FALSE,FALSE,5.301,model_A
m9j4XNGlPsrFY6BsNx1mRw==,6022,20211124-222722-idpSMExi,2021-11-24 22:35:27.040488 UTC,TRUE,FALSE,FALSE,4.903,model_A
UeD+qMSuKGuCgh+80d7SdA==,6022,20211124-222722-idpSMExi,2021-11-24 22:35:31.944173 UTC,TRUE,FALSE,FALSE,13.605,model_A
kvz9SKmiv2LepkyXX70YlA==,6022,20211124-222722-idpSMExi,2021-11-24 22:35:45.549219 UTC,TRUE,FALSE,FALSE,16.522,model_A
C/wuNQvvD+fjriVfE5wkmA==,6022,20211124-222722-idpSMExi,2021-11-24 22:36:02.071519 UTC,FALSE,FALSE,TRUE,15.992,model_A
ILgtOxjMNNbjy+GxKCDY7Q==,6022,20211124-222722-idpSMExi,2021-11-24 22:37:19.810617 UTC,TRUE,FALSE,FALSE,12.132,model_A
wV4LYHLawWqIF3ogZHzVeQ==,6022,20211124-222722-idpSMExi,2021-11-24 22:37:31.943092 UTC,TRUE,FALSE,FALSE,5.299,model_A
0bPYvGazRdrZfYvPU57bvQ==,6022,20211124-222722-idpSMExi,2021-11-24 22:37:37.242713 UTC,TRUE,FALSE,FALSE,4.855,model_A
exopHS7Lkt5mRsy4fcRHAw==,6022,20211124-222722-idpSMExi,2021-11-24 22:37:42.09862 UTC,FALSE,TRUE,FALSE,0.778,model_A
waa0KMRCr+uqsUWGUGx5Vg==,6022,20211124-222722-idpSMExi,2021-11-24 22:40:06.417754 UTC,FALSE,FALSE,TRUE,4.439,model_A
pX4n20feJnpBYGpXqG7CGw==,6022,20211124-222722-idpSMExi,2021-11-24 22:40:51.2145 UTC,TRUE,FALSE,FALSE,5.467,model_A
FveibtO/0ZbRLViOYHQoZA==,6022,20211124-222722-idpSMExi,2021-11-24 22:40:56.681645 UTC,TRUE,FALSE,FALSE,7.463,model_A
uOWzgq3neB5xzNeQHghNuw==,6022,20211124-222722-idpSMExi,2021-11-24 22:41:04.145349 UTC,FALSE,FALSE,TRUE,21.116,model_A
FcmrpMvZDMzI7z5MgLqeAw==,6022,20211124-222722-idpSMExi,2021-11-24 22:41:58.465014 UTC,TRUE,FALSE,FALSE,15.978,model_A
SRuquO3ByYUprCgJq4iD/w==,6022,20211124-222722-idpSMExi,2021-11-24 22:42:14.443149 UTC,TRUE,FALSE,FALSE,18.015,model_A
PmMh/LJFS0TYnQadLA8xOw==,6022,20211124-222722-idpSMExi,2021-11-24 22:42:32.458738 UTC,TRUE,FALSE,FALSE,6.942,model_A
rT6XeE3oZ7W1r5ph+iF0LA==,6022,20211124-222722-idpSMExi,2021-11-24 22:42:39.40105 UTC,FALSE,FALSE,TRUE,6.788,model_A
3eAsDKwXV/rPtRWI+UA56A==,6022,20211124-222722-idpSMExi,2021-11-24 22:44:39.577184 UTC,TRUE,FALSE,FALSE,5.845,model_A
vq9Nmmt3XpGD6egLU17TMA==,6022,20211124-222722-idpSMExi,2021-11-24 22:44:45.423058 UTC,TRUE,FALSE,FALSE,4.943,model_A
imFlmvVdgMda5Nm/YHPaDQ==,6022,20211124-222722-idpSMExi,2021-11-24 22:44:50.366868 UTC,FALSE,FALSE,TRUE,6.345,model_A
V6WZ8Fr82R/pPYRvyhjOnw==,6022,20211124-222722-idpSMExi,2021-11-24 22:45:46.019243 UTC,TRUE,FALSE,FALSE,10.19,model_A
ouQgya9yPQ4kwrei8gYG5w==,6022,20211124-222722-idpSMExi,2021-11-24 22:45:56.210126 UTC,FALSE,FALSE,TRUE,6.976,model_A
PXxXhc9Io4U/BMjPKpPMfA==,6022,20211124-222722-idpSMExi,2021-11-24 22:50:36.023154 UTC,FALSE,FALSE,TRUE,4.887,model_A
GyamfmGC4VHR93gcLn/oXA==,6022,20211124-222722-idpSMExi,2021-11-24 22:51:48.12765 UTC,TRUE,FALSE,FALSE,10.639,model_A
lqwPYQnDqkH7059Ogo4C3Q==,6022,20211124-222722-idpSMExi,2021-11-24 22:51:58.767387 UTC,FALSE,TRUE,FALSE,0.878,model_A
fVHy8MR6OsBp6e1sWIIWPg==,6008,20211124-183258-rT6A0rEH,2021-11-24 18:33:16.992336 UTC,TRUE,FALSE,FALSE,5.614,model_A
7o/ccRLUW7Z4dZ7macGIiQ==,6008,20211124-183258-rT6A0rEH,2021-11-24 18:33:22.606926 UTC,TRUE,FALSE,FALSE,8.801,model_A
ywwDiDQ1mDVDkPii5Av3OA==,6008,20211124-183258-rT6A0rEH,2021-11-24 18:33:31.408317 UTC,FALSE,TRUE,FALSE,0.793,model_A
rC5foUaPUGaJTGlBtv1zzw==,6008,20211124-183258-rT6A0rEH,2021-11-24 18:34:33.815766 UTC,TRUE,FALSE,FALSE,4.846,model_A
NmO9wRDj6D27Y4TJvP6w3g==,6008,20211124-183258-rT6A0rEH,2021-11-24 18:34:38.662226 UTC,TRUE,FALSE,FALSE,4.801,model_A
e2RoIse7V1IPFLmxiUTFEQ==,6008,20211124-183258-rT6A0rEH,2021-11-24 18:34:43.463458 UTC,FALSE,TRUE,FALSE,0.872,model_A
3VW4blz/7TI7z9h02janUQ==,6024,20211124-231751-cxeR5Zr7,2021-11-24 23:18:03.542299 UTC,TRUE,FALSE,FALSE,6.302,model_A
AqkVBaxwj0AaGE/nNdsvWg==,6024,20211124-231751-cxeR5Zr7,2021-11-24 23:18:09.844658 UTC,TRUE,FALSE,FALSE,4.369,model_A
tsIf7p8bD1YLvsOAE0WggA==,6024,20211124-231751-cxeR5Zr7,2021-11-24 23:18:14.213822 UTC,TRUE,FALSE,FALSE,4.379,model_A
C3uAZlTg4mso1vHKVTwAUg==,6024,20211124-231751-cxeR5Zr7,2021-11-24 23:18:18.593501 UTC,TRUE,FALSE,FALSE,4.858,model_A
6KDqwQhmt/aIWFUG5ZqW8g==,6024,20211124-231751-cxeR5Zr7,2021-11-24 23:18:23.451677 UTC,TRUE,FALSE,FALSE,5.59,model_A
tXCeuRF4yagWxu0KwulU7A==,6024,20211124-231751-cxeR5Zr7,2021-11-24 23:18:29.042226 UTC,TRUE,FALSE,FALSE,6.113,model_A
gx202AcrQpThSlha4Jw2+A==,6024,20211124-231751-cxeR5Zr7,2021-11-24 23:18:35.155525 UTC,TRUE,FALSE,FALSE,6.489,model_A
pPL2A8/v5OpFxjeet0wyOg==,6024,20211124-231751-cxeR5Zr7,2021-11-24 23:18:41.644747 UTC,TRUE,FALSE,FALSE,8.815,model_A
0rPoW/MBFDhfLEhQfMAKPw==,6024,20211124-231751-cxeR5Zr7,2021-11-24 23:18:50.460687 UTC,TRUE,FALSE,FALSE,13.595,model_A
+f5e+70J9tSVHKQleWxLAA==,6024,20211124-231751-cxeR5Zr7,2021-11-24 23:19:04.056394 UTC,FALSE,FALSE,TRUE,10.436,model_A
Lkd8IC9QS8wC85T4F7NmwQ==,6026,20211124-234224-pHCkcztz,2021-11-24 23:42:41.237709 UTC,TRUE,FALSE,FALSE,5.889,model_A
bw2gKwivePrCL2yx8BimUA==,6026,20211124-234224-pHCkcztz,2021-11-24 23:42:47.127498 UTC,TRUE,FALSE,FALSE,4.186,model_A
8yUCdNX1l8CB1Fx437EaYw==,6026,20211124-234224-pHCkcztz,2021-11-24 23:42:51.313935 UTC,TRUE,FALSE,FALSE,4.827,model_A
Sv98sYszWBgBaCBPikIgOw==,6026,20211124-234224-pHCkcztz,2021-11-24 23:42:56.14184 UTC,FALSE,TRUE,FALSE,0.726,model_A
Zwx8Ps0FwOpr76m/CNfd8Q==,6007,20211124-180455-fuFc0tt5,2021-11-24 18:05:27.468873 UTC,TRUE,FALSE,FALSE,6.088,model_A
pQpx98DHoNHJJCuTtgLDZQ==,6007,20211124-180455-fuFc0tt5,2021-11-24 18:05:33.557001 UTC,FALSE,FALSE,TRUE,5.857,model_A
UtQ3+IneB44EB3nkFfz7+w==,6007,20211124-180455-fuFc0tt5,2021-11-24 18:05:51.33966 UTC,TRUE,FALSE,FALSE,4.954,model_A
Pelvi/vsXmVBVNlJgieudg==,6007,20211124-180455-fuFc0tt5,2021-11-24 18:05:56.293843 UTC,TRUE,FALSE,FALSE,4.725,model_A
RmRhiBMbO+MLH2wUrF6YVA==,6007,20211124-180455-fuFc0tt5,2021-11-24 18:06:01.019295 UTC,FALSE,FALSE,TRUE,0.1,model_A
JQz41YJage3HTolngqXQrQ==,6023,20211124-225843-PDPA3DwE,2021-11-24 22:58:57.770049 UTC,TRUE,FALSE,FALSE,6.275,model_A
hc0uijyF+NKlIb34Pz1+nQ==,6023,20211124-225843-PDPA3DwE,2021-11-24 22:59:04.045055 UTC,TRUE,FALSE,FALSE,5.025,model_A
jrH2SOxRd1KldmbFYxcQtQ==,6023,20211124-225843-PDPA3DwE,2021-11-24 22:59:09.070192 UTC,TRUE,FALSE,FALSE,5.418,model_A
V41/SpHj+kfOU9f1xEqhpQ==,6023,20211124-225843-PDPA3DwE,2021-11-24 22:59:14.488727 UTC,TRUE,FALSE,FALSE,5.399,model_A
d+bIGvJEApzrTMUG86L0+A==,6023,20211124-225843-PDPA3DwE,2021-11-24 22:59:19.888139 UTC,TRUE,FALSE,FALSE,5.064,model_A
3mC+TTYr76GS+n5E0ONN5g==,6023,20211124-225843-PDPA3DwE,2021-11-24 22:59:24.953113 UTC,TRUE,FALSE,FALSE,4.814,model_A
3alshz+e9Pync1+6+/0FvQ==,6023,20211124-225843-PDPA3DwE,2021-11-24 22:59:29.767708 UTC,FALSE,TRUE,FALSE,0.769,model_A
xUMOz2GfR7VyEc6l3+KMvA==,6023,20211124-225843-PDPA3DwE,2021-11-24 23:01:03.015121 UTC,TRUE,FALSE,FALSE,5.742,model_A
od6mzeAIO9RhOoDIq17bPQ==,6023,20211124-225843-PDPA3DwE,2021-11-24 23:01:08.75728 UTC,TRUE,FALSE,FALSE,5.112,model_A
+s0naCyYGdfCgTcxELUTIw==,6023,20211124-225843-PDPA3DwE,2021-11-24 23:01:13.869532 UTC,TRUE,FALSE,FALSE,5.292,model_A
s3uBoyOC2QzjBzyKLu8mLQ==,6023,20211124-225843-PDPA3DwE,2021-11-24 23:01:19.162047 UTC,TRUE,FALSE,FALSE,5.202,model_A
y1C65XrJH5A3Cj86afim7w==,6023,20211124-225843-PDPA3DwE,2021-11-24 23:01:24.364321 UTC,TRUE,FALSE,FALSE,5.231,model_A
UcBO4w4LlbWxqPnl1Vq01A==,6023,20211124-225843-PDPA3DwE,2021-11-24 23:01:29.596253 UTC,TRUE,FALSE,FALSE,6.174,model_A
ItcDXyWqUckO5QZoGBKuAg==,6023,20211124-225843-PDPA3DwE,2021-11-24 23:01:35.770902 UTC,FALSE,TRUE,FALSE,0.756,model_A
tMV5BLb9kUo2fAOH06KxLA==,6007,20211124-181028-kvzBs0To,2021-11-24 18:10:58.423042 UTC,TRUE,FALSE,FALSE,7.06,model_A
htECD8DQWRed3ET1iDlQSw==,6007,20211124-181028-kvzBs0To,2021-11-24 18:11:05.48387 UTC,TRUE,FALSE,FALSE,4.849,model_A
WjZ1YiNdu5GJ+9H1DHo8hQ==,6007,20211124-181028-kvzBs0To,2021-11-24 18:11:10.333596 UTC,TRUE,FALSE,FALSE,4.205,model_A
WDSeWH6vUL0eOnR8lRmYFA==,6007,20211124-181028-kvzBs0To,2021-11-24 18:11:14.539412 UTC,TRUE,FALSE,FALSE,4.197,model_A
ypCSCLzT4NUrtZAj7qwJVw==,6007,20211124-181028-kvzBs0To,2021-11-24 18:11:18.737139 UTC,TRUE,FALSE,FALSE,4.794,model_A
d2GCSvFcu0o8XEUW/lD/mw==,6007,20211124-181028-kvzBs0To,2021-11-24 18:11:23.531879 UTC,TRUE,FALSE,FALSE,5.098,model_A
1xGj82GP7jqajbcmGbZN5A==,6007,20211124-181028-kvzBs0To,2021-11-24 18:11:28.63036 UTC,TRUE,FALSE,FALSE,10.154,model_A
+Kpm6WSrY7/0FuXGn39HfQ==,6007,20211124-181028-kvzBs0To,2021-11-24 18:11:38.785208 UTC,TRUE,FALSE,FALSE,5.304,model_A
3Hq/2qXdSP+O/qze88YMJQ==,6007,20211124-181028-kvzBs0To,2021-11-24 18:11:44.090013 UTC,TRUE,FALSE,FALSE,9.338,model_A
lO3sQx3f0dobF/GufAXWeQ==,6007,20211124-181028-kvzBs0To,2021-11-24 18:11:53.428317 UTC,TRUE,FALSE,FALSE,5.36,model_A
x9r1TVNiRLwBkXZqKcO8SQ==,6007,20211124-181028-kvzBs0To,2021-11-24 18:11:58.788527 UTC,TRUE,FALSE,FALSE,5.148,model_A
qyCjnQk29joGryblf+Ofmg==,6007,20211124-181028-kvzBs0To,2021-11-24 18:12:03.936767 UTC,TRUE,FALSE,FALSE,5.099,model_A
W6/066+i7t52uzFOBv7CgA==,6007,20211124-181028-kvzBs0To,2021-11-24 18:12:09.03618 UTC,TRUE,FALSE,FALSE,5.316,model_A
+yevb7kH1nR1iivhAS1EvA==,6007,20211124-181028-kvzBs0To,2021-11-24 18:12:14.352707 UTC,TRUE,FALSE,FALSE,5.131,model_A
dvqFuB/jPfmUXQI6W9HurA==,6007,20211124-181028-kvzBs0To,2021-11-24 18:12:19.484594 UTC,TRUE,FALSE,FALSE,5.358,model_A
47g72VlURre+SnyguYovpw==,6007,20211124-181028-kvzBs0To,2021-11-24 18:12:24.843145 UTC,TRUE,FALSE,FALSE,5.191,model_A
4qHxCk/5itgYM3uRlXuBGg==,6007,20211124-181028-kvzBs0To,2021-11-24 18:12:30.034969 UTC,TRUE,FALSE,FALSE,5.139,model_A
x6VXKI9xRrv8DFXwGsNpHw==,6007,20211124-181028-kvzBs0To,2021-11-24 18:12:35.174418 UTC,TRUE,FALSE,FALSE,5.16,model_A
/LFce4/jDDZiJaoR1VvmBA==,6007,20211124-181028-kvzBs0To,2021-11-24 18:12:40.335061 UTC,TRUE,FALSE,FALSE,5.097,model_A
c/WOXI0+7JjbBRtXr9fY2A==,6007,20211124-181028-kvzBs0To,2021-11-24 18:12:45.432413 UTC,TRUE,FALSE,FALSE,8.416,model_A
qbTgHrFPW2G6RsltECRsqA==,6007,20211124-181028-kvzBs0To,2021-11-24 18:12:53.848934 UTC,FALSE,FALSE,TRUE,5.343,model_A
ywpN0LexqZ+Vj0Kk+CJymg==,6007,20211124-181028-kvzBs0To,2021-11-24 18:19:43.053304 UTC,TRUE,FALSE,FALSE,5.438,model_A
Gw3m5RkmKSDrC9WuCsXLuw==,6007,20211124-181028-kvzBs0To,2021-11-24 18:19:48.49193 UTC,TRUE,FALSE,FALSE,4.748,model_A
vQ9hxklgeejKjwCRT+oPRA==,6007,20211124-181028-kvzBs0To,2021-11-24 18:19:53.240182 UTC,TRUE,FALSE,FALSE,5.997,model_A
w1JrEljzASMkZlFljuMwRg==,6007,20211124-181028-kvzBs0To,2021-11-24 18:19:59.238162 UTC,TRUE,FALSE,FALSE,4.549,model_A
9XrJz147hosW+8KSeS/i8g==,6007,20211124-181028-kvzBs0To,2021-11-24 18:20:03.787499 UTC,TRUE,FALSE,FALSE,4.646,model_A
8fM6fGo2jJMjAnOb6dIN9Q==,6007,20211124-181028-kvzBs0To,2021-11-24 18:20:08.434152 UTC,TRUE,FALSE,FALSE,4.756,model_A
I+YR3WFX+CebkTtBvkZjLA==,6007,20211124-181028-kvzBs0To,2021-11-24 18:20:13.19041 UTC,TRUE,FALSE,FALSE,4.598,model_A
FX//4ouRVGsp0jWe8DFNVA==,6007,20211124-181028-kvzBs0To,2021-11-24 18:20:17.789354 UTC,TRUE,FALSE,FALSE,5.296,model_A
RxwR3wllzbNANAnPjZA+cw==,6007,20211124-181028-kvzBs0To,2021-11-24 18:20:23.086154 UTC,TRUE,FALSE,FALSE,4.811,model_A
KJKPUiuG6GF0ANJYyjvOug==,6007,20211124-181028-kvzBs0To,2021-11-24 18:20:27.897578 UTC,TRUE,FALSE,FALSE,4.589,model_A
ARW0xMnQxt03m5S5Ikyb3Q==,6007,20211124-181028-kvzBs0To,2021-11-24 18:20:32.487435 UTC,TRUE,FALSE,FALSE,4.755,model_A
o1ul10i9JHgOs9oS8HPlSQ==,6007,20211124-181028-kvzBs0To,2021-11-24 18:20:37.243113 UTC,TRUE,FALSE,FALSE,4.948,model_A
Uh2W2K2d47g0ReRvQvh2TQ==,6007,20211124-181028-kvzBs0To,2021-11-24 18:20:42.191872 UTC,FALSE,TRUE,FALSE,0.626,model_A
cn3WLJviorw8Ae1kO/m1aw==,6007,20211124-181028-kvzBs0To,2021-11-24 18:23:46.07575 UTC,TRUE,FALSE,FALSE,4.807,model_A
Xfbucv6ylDyI2MN1PnI3eQ==,6007,20211124-181028-kvzBs0To,2021-11-24 18:23:50.883259 UTC,TRUE,FALSE,FALSE,4.311,model_A
LqCTRQ7oUTkantGimEc98Q==,6007,20211124-181028-kvzBs0To,2021-11-24 18:23:55.194915 UTC,TRUE,FALSE,FALSE,4.5,model_A
3RWHrQWeq95pjnUtx2bLkw==,6007,20211124-181028-kvzBs0To,2021-11-24 18:23:59.695698 UTC,TRUE,FALSE,FALSE,4.938,model_A
8hi5loPHUmX0zImXYG+UWg==,6007,20211124-181028-kvzBs0To,2021-11-24 18:24:04.634264 UTC,TRUE,FALSE,FALSE,4.939,model_A
PYwPlpsHoSJBxgEB6v1QjQ==,6007,20211124-181028-kvzBs0To,2021-11-24 18:24:09.574225 UTC,TRUE,FALSE,FALSE,4.838,model_A
LNryxVZZIMASlmAQcFiVDA==,6007,20211124-181028-kvzBs0To,2021-11-24 18:24:14.412474 UTC,TRUE,FALSE,FALSE,4.672,model_A
vECxL0J74uuenEzbyY76PA==,6007,20211124-181028-kvzBs0To,2021-11-24 18:24:19.08486 UTC,TRUE,FALSE,FALSE,5.108,model_A
DYZVnSbr3Eix4zcPDvL5SA==,6007,20211124-181028-kvzBs0To,2021-11-24 18:24:24.193282 UTC,TRUE,FALSE,FALSE,5.006,model_A
2awwpcio3nUEpE1ZRlrWhQ==,6007,20211124-181028-kvzBs0To,2021-11-24 18:24:29.199526 UTC,TRUE,FALSE,FALSE,5.286,model_A
39yL/87d7ZR4Wu6nOelxkw==,6007,20211124-181028-kvzBs0To,2021-11-24 18:24:34.485807 UTC,TRUE,FALSE,FALSE,4.194,model_A
wigspDJKxhRu33VKTxdYiQ==,6007,20211124-181028-kvzBs0To,2021-11-24 18:24:38.680257 UTC,TRUE,FALSE,FALSE,4.398,model_A
JJIxQr1KV/tl2lIc5pfLNw==,6007,20211124-181028-kvzBs0To,2021-11-24 18:24:43.078523 UTC,TRUE,FALSE,FALSE,4.962,model_A
n2MfjRHbDvBQiOGzXUV32A==,6007,20211124-181028-kvzBs0To,2021-11-24 18:24:48.041124 UTC,TRUE,FALSE,FALSE,5.408,model_A
++I7yL3jCvPvus+y1zwvpg==,6007,20211124-181028-kvzBs0To,2021-11-24 18:24:53.449199 UTC,TRUE,FALSE,FALSE,5.201,model_A
zO+JI5i+AdcGON9FiP3CNg==,6007,20211124-181028-kvzBs0To,2021-11-24 18:24:58.650687 UTC,TRUE,FALSE,FALSE,4.497,model_A
9Rl+AIL1z8lu7AVXJAfMSw==,6007,20211124-181028-kvzBs0To,2021-11-24 18:25:03.148346 UTC,TRUE,FALSE,FALSE,4.986,model_A
iJ2xDjcP88JYHdMpLOTcCw==,6007,20211124-181028-kvzBs0To,2021-11-24 18:25:08.135236 UTC,TRUE,FALSE,FALSE,5.058,model_A
T/gMa7/YTIphXJh5vgKTTw==,6007,20211124-181028-kvzBs0To,2021-11-24 18:25:13.193605 UTC,TRUE,FALSE,FALSE,4.748,model_A
UYEKTytllzOgrONX+6j5YQ==,6007,20211124-181028-kvzBs0To,2021-11-24 18:25:17.941665 UTC,TRUE,FALSE,FALSE,4.499,model_A
fQjJv+Bbt5CzqAGNtwWioQ==,6007,20211124-181028-kvzBs0To,2021-11-24 18:25:22.440943 UTC,TRUE,FALSE,FALSE,4.949,model_A
f3co/x5v3qeFedYWxCkR/w==,6007,20211124-181028-kvzBs0To,2021-11-24 18:25:27.390676 UTC,TRUE,FALSE,FALSE,5.298,model_A
RkEo3C5IhwWDN42Yte+1lg==,6007,20211124-181028-kvzBs0To,2021-11-24 18:25:32.688692 UTC,TRUE,FALSE,FALSE,5.025,model_A
05SuG/47UGgkE0STe9jL0w==,6007,20211124-181028-kvzBs0To,2021-11-24 18:25:37.714364 UTC,TRUE,FALSE,FALSE,5.484,model_A
viPrnHM7IqQ8b2VCWlM8UQ==,6007,20211124-181028-kvzBs0To,2021-11-24 18:25:43.19904 UTC,TRUE,FALSE,FALSE,5.379,model_A
Gq6qo9OlqQdgezm3+9ICaA==,6007,20211124-181028-kvzBs0To,2021-11-24 18:25:48.578223 UTC,TRUE,FALSE,FALSE,5.003,model_A
N3h4z53waBUpCm+fqNvYJQ==,6007,20211124-181028-kvzBs0To,2021-11-24 18:25:53.582183 UTC,TRUE,FALSE,FALSE,4.659,model_A
VBkxA9ofGKIplsR8Yzo5iw==,6007,20211124-181028-kvzBs0To,2021-11-24 18:25:58.241213 UTC,TRUE,FALSE,FALSE,6.159,model_A
MnBG21XbLMl3hQgYRh1+Gw==,6007,20211124-181028-kvzBs0To,2021-11-24 18:26:04.400563 UTC,TRUE,FALSE,FALSE,4.74,model_A
McBp5Kn7Ck6HneBXF78aQQ==,6007,20211124-181028-kvzBs0To,2021-11-24 18:26:09.140966 UTC,TRUE,FALSE,FALSE,5.24,model_A
1b7E/DFnaV8YM8b3ESjcdw==,6007,20211124-181028-kvzBs0To,2021-11-24 18:26:14.381956 UTC,TRUE,FALSE,FALSE,4.754,model_A
f09zMmEG8rYwhjKXEbF8qg==,6007,20211124-181028-kvzBs0To,2021-11-24 18:26:19.136296 UTC,FALSE,FALSE,TRUE,4.857,model_A
ixTLbwkBm+TcUke/omGMsw==,6007,20211124-181028-kvzBs0To,2021-11-24 18:26:23.993611 UTC,TRUE,FALSE,FALSE,4.841,model_A
DENAjEFBgtK56P6bDIAcOA==,6007,20211124-181028-kvzBs0To,2021-11-24 18:26:28.835601 UTC,FALSE,TRUE,FALSE,0.805,model_A
4+d+0b58utPjfmwGPONTuQ==,6026,20211124-233720-zV1LJgOI,2021-11-24 23:37:44.493813 UTC,TRUE,FALSE,FALSE,5.893,model_A
vXzScp9LnkKhqn8LwKGe6w==,6026,20211124-233720-zV1LJgOI,2021-11-24 23:37:50.387315 UTC,TRUE,FALSE,FALSE,5.245,model_A
AN2+Vw7Anh9QTyPF9KTfKQ==,6026,20211124-233720-zV1LJgOI,2021-11-24 23:37:55.63322 UTC,TRUE,FALSE,FALSE,4.659,model_A
+nLcUHsTYRJzmNqY8S1PAw==,6026,20211124-233720-zV1LJgOI,2021-11-24 23:38:00.29222 UTC,FALSE,TRUE,FALSE,0.435,model_A
xBKN/cdi6t/VaL+eRG26xg==,6026,20211124-233720-zV1LJgOI,2021-11-24 23:38:57.383672 UTC,TRUE,FALSE,FALSE,9.871,model_A
isy1hZmZ+pEV2nSAO6yLqQ==,6026,20211124-233720-zV1LJgOI,2021-11-24 23:39:07.254865 UTC,FALSE,FALSE,TRUE,0.327,model_A
rWyscy7HqtILYcotxLA1+w==,6005,20211124-174502-SO0uU2Y4,2021-11-24 17:45:29.931666 UTC,TRUE,FALSE,FALSE,6.091,model_A
/kHNIEOvuo1fVnL8MR2Xgg==,6005,20211124-174502-SO0uU2Y4,2021-11-24 17:45:36.022681 UTC,TRUE,FALSE,FALSE,4.858,model_A
wqs2xGCXo+fK30RhFchJTQ==,6005,20211124-174502-SO0uU2Y4,2021-11-24 17:45:40.881386 UTC,TRUE,FALSE,FALSE,4.945,model_A
zWn3sqbGXFJuwGTKXNSG3Q==,6005,20211124-174502-SO0uU2Y4,2021-11-24 17:45:45.826461 UTC,TRUE,FALSE,FALSE,4.975,model_A
HnsR6i2O4NELDw6yVTSBuQ==,6005,20211124-174502-SO0uU2Y4,2021-11-24 17:45:50.801666 UTC,TRUE,FALSE,FALSE,4.935,model_A
WtyyGNRoFcnRnkKll6QZlQ==,6005,20211124-174502-SO0uU2Y4,2021-11-24 17:45:55.737606 UTC,TRUE,FALSE,FALSE,4.739,model_A
NVBG44Y5968V4GL8dwcgBA==,6005,20211124-174502-SO0uU2Y4,2021-11-24 17:46:00.476866 UTC,FALSE,TRUE,FALSE,0.552,model_A
OI8u2ZHqQjsL0r43T/JFaA==,6005,20211124-174502-SO0uU2Y4,2021-11-24 17:47:16.303625 UTC,TRUE,FALSE,FALSE,6.582,model_A
uhI0ryaTR94+bbV+55nO9g==,6005,20211124-174502-SO0uU2Y4,2021-11-24 17:47:22.885627 UTC,TRUE,FALSE,FALSE,4.759,model_A
9OiZYSvJYShpg1SVgSU57w==,6005,20211124-174502-SO0uU2Y4,2021-11-24 17:47:27.644771 UTC,TRUE,FALSE,FALSE,4.691,model_A
3GCxEBG7JRxXFWcUbZbGDQ==,6005,20211124-174502-SO0uU2Y4,2021-11-24 17:47:32.336055 UTC,TRUE,FALSE,FALSE,5.238,model_A
JPK+9+XU7wyPxyZistHgNQ==,6005,20211124-174502-SO0uU2Y4,2021-11-24 17:47:37.574336 UTC,TRUE,FALSE,FALSE,4.955,model_A
leZstC70pyZDxbb2Bg3OpQ==,6005,20211124-174502-SO0uU2Y4,2021-11-24 17:47:42.529829 UTC,TRUE,FALSE,FALSE,5.106,model_A
rv4CWsfH6OFjngLK9jVEQw==,6005,20211124-174502-SO0uU2Y4,2021-11-24 17:47:47.636472 UTC,FALSE,TRUE,FALSE,0.609,model_A
+arO5Ge5Ec3CSR5rF6SUeg==,6006,20211124-175240-SFPhmV9v,2021-11-24 17:53:05.47747 UTC,TRUE,FALSE,FALSE,6.41,model_A
Xa37+PaNAC+6nvHkT8aheA==,6006,20211124-175240-SFPhmV9v,2021-11-24 17:53:11.887994 UTC,TRUE,FALSE,FALSE,4.998,model_A
dZhrsPl02Kh8c36o9x2BQg==,6006,20211124-175240-SFPhmV9v,2021-11-24 17:53:16.886302 UTC,TRUE,FALSE,FALSE,5.252,model_A
ygurmFulQ5gPTGl+cIXWFw==,6006,20211124-175240-SFPhmV9v,2021-11-24 17:53:22.13876 UTC,TRUE,FALSE,FALSE,5.149,model_A
BLdIQzHV3zXPj+1Tjd9lvQ==,6006,20211124-175240-SFPhmV9v,2021-11-24 17:53:27.288118 UTC,TRUE,FALSE,FALSE,6.548,model_A
zO5UjR5sF1PMME8uxsR5EQ==,6006,20211124-175240-SFPhmV9v,2021-11-24 17:53:33.836761 UTC,TRUE,FALSE,FALSE,5.268,model_A
R+y/t2oDJzzSbJsf696lxQ==,6006,20211124-175240-SFPhmV9v,2021-11-24 17:53:39.105095 UTC,TRUE,FALSE,FALSE,4.846,model_A
qE9u1TW4BJm790L2nbONUw==,6006,20211124-175240-SFPhmV9v,2021-11-24 17:53:43.951117 UTC,TRUE,FALSE,FALSE,4.99,model_A
TYb/1nsShs/btwcfZmUwQw==,6006,20211124-175240-SFPhmV9v,2021-11-24 17:53:48.941829 UTC,TRUE,FALSE,FALSE,5.001,model_A
ZGHQ2IHBSVoZeEy/VeThdw==,6006,20211124-175240-SFPhmV9v,2021-11-24 17:53:53.943172 UTC,TRUE,FALSE,FALSE,5.279,model_A
U17PDQef8wplrlM/8VFoaA==,6006,20211124-175240-SFPhmV9v,2021-11-24 17:53:59.223164 UTC,TRUE,FALSE,FALSE,5.138,model_A
Mpe44zEKK6RTVezqR+4fvA==,6006,20211124-175240-SFPhmV9v,2021-11-24 17:54:04.361604 UTC,TRUE,FALSE,FALSE,4.841,model_A
+SlAz4oGxEkErSV0Csx1nA==,6006,20211124-175240-SFPhmV9v,2021-11-24 17:54:09.202708 UTC,TRUE,FALSE,FALSE,5.277,model_A
e5OaiVp4c8n6uB10a2r75w==,6006,20211124-175240-SFPhmV9v,2021-11-24 17:54:14.480261 UTC,TRUE,FALSE,FALSE,5.209,model_A
IangniIJLhnE5Q9nKRK40w==,6006,20211124-175240-SFPhmV9v,2021-11-24 17:54:19.689261 UTC,TRUE,FALSE,FALSE,4.796,model_A
oECiD2Cft7wpp392O5YgUA==,6006,20211124-175240-SFPhmV9v,2021-11-24 17:54:24.485443 UTC,TRUE,FALSE,FALSE,5.055,model_A
H0KB+snOO4Hx6h/TRHr6Bw==,6006,20211124-175240-SFPhmV9v,2021-11-24 17:54:29.540644 UTC,FALSE,TRUE,FALSE,0.444,model_A
46hsmDONHHyxPxP7N5bl/g==,6006,20211124-175240-SFPhmV9v,2021-11-24 17:56:23.710772 UTC,TRUE,FALSE,FALSE,6.228,model_A
CqmJGC6HXt09AGYvuugo3w==,6006,20211124-175240-SFPhmV9v,2021-11-24 17:56:29.939606 UTC,TRUE,FALSE,FALSE,4.978,model_A
i0sgh/vEaOW++vDeujabJg==,6006,20211124-175240-SFPhmV9v,2021-11-24 17:56:34.918504 UTC,TRUE,FALSE,FALSE,4.873,model_A
JqhBaXSquykaFBkCErTKwg==,6006,20211124-175240-SFPhmV9v,2021-11-24 17:56:39.791827 UTC,TRUE,FALSE,FALSE,4.849,model_A
b7eB2LpG4Nj/yKDKZs7OaA==,6006,20211124-175240-SFPhmV9v,2021-11-24 17:56:44.641087 UTC,TRUE,FALSE,FALSE,5.043,model_A
Gc/bKsekUa5Mh4PuaNNjrQ==,6006,20211124-175240-SFPhmV9v,2021-11-24 17:56:49.68432 UTC,TRUE,FALSE,FALSE,4.812,model_A
j7D+w+32SEEpwE1s9N6XuA==,6006,20211124-175240-SFPhmV9v,2021-11-24 17:56:54.497095 UTC,TRUE,FALSE,FALSE,6.706,model_A
hvpULFtH3eoPloDWoO948w==,6006,20211124-175240-SFPhmV9v,2021-11-24 17:57:01.203252 UTC,TRUE,FALSE,FALSE,6.474,model_A
NtOX/7XC1nZT0XP8JeKHjw==,6006,20211124-175240-SFPhmV9v,2021-11-24 17:57:07.677606 UTC,TRUE,FALSE,FALSE,5.156,model_A
Dy4/rYV9isxhRSCLRsx3eQ==,6006,20211124-175240-SFPhmV9v,2021-11-24 17:57:12.834205 UTC,TRUE,FALSE,FALSE,5.098,model_A
Av3buHAVL7QKA+1vUnCrNQ==,6006,20211124-175240-SFPhmV9v,2021-11-24 17:57:17.932911 UTC,TRUE,FALSE,FALSE,5.104,model_A
w0D6o6sZ7uXPm7+25Elmdg==,6006,20211124-175240-SFPhmV9v,2021-11-24 17:57:23.037073 UTC,TRUE,FALSE,FALSE,5.196,model_A
Uuy4Epdq2znWlW6SUXGX8g==,6006,20211124-175240-SFPhmV9v,2021-11-24 17:57:28.233848 UTC,TRUE,FALSE,FALSE,4.965,model_A
ir08OhezSXK0rqOB7MR+fA==,6006,20211124-175240-SFPhmV9v,2021-11-24 17:57:33.199227 UTC,TRUE,FALSE,FALSE,5.143,model_A
ewqDYPxd/nRsMTz4LuxA3w==,6006,20211124-175240-SFPhmV9v,2021-11-24 17:57:38.342713 UTC,TRUE,FALSE,FALSE,4.898,model_A
o3yQAxU7LUWHcgCLnywtZA==,6006,20211124-175240-SFPhmV9v,2021-11-24 17:57:43.241445 UTC,TRUE,FALSE,FALSE,5.103,model_A
LkMSvXktG23OdMLrKGoG7A==,6006,20211124-175240-SFPhmV9v,2021-11-24 17:57:48.344586 UTC,FALSE,TRUE,FALSE,0.503,model_A
bah2D/Gf5n0KHm0f76QZ/A==,6004,20211124-172414-XjDE2FHI,2021-11-24 17:24:37.283188 UTC,FALSE,FALSE,TRUE,7.711,model_A
1SBk9uuGKNMKWgPLt5uQsw==,6004,20211124-172414-XjDE2FHI,2021-11-24 17:24:50.916508 UTC,TRUE,FALSE,FALSE,6.756,model_A
/9NmC8kqhIZ2g/MjWH8o1g==,6004,20211124-172414-XjDE2FHI,2021-11-24 17:24:57.672805 UTC,TRUE,FALSE,FALSE,7.256,model_A
xwkhLqwl19qPljMAIDytUA==,6004,20211124-172414-XjDE2FHI,2021-11-24 17:25:04.928928 UTC,FALSE,FALSE,TRUE,6.605,model_A
mf6FYXLMVZ7zUq0J/w1l2w==,6004,20211124-172414-XjDE2FHI,2021-11-24 17:25:19.993373 UTC,TRUE,FALSE,FALSE,10.67,model_A
XmvMJIJEfFZ0Ow78NGaS8Q==,6004,20211124-172414-XjDE2FHI,2021-11-24 17:25:30.664022 UTC,FALSE,FALSE,TRUE,10.832,model_A
f8HfBESb3vW434AWnMNTpQ==,6004,20211124-172414-XjDE2FHI,2021-11-24 17:25:47.167508 UTC,TRUE,FALSE,FALSE,11.245,model_A
W46NRRgWRYIpT5I6r0DXhg==,6004,20211124-172414-XjDE2FHI,2021-11-24 17:25:58.41265 UTC,TRUE,FALSE,FALSE,5.726,model_A
IX9dwrOj6dHyVZYGkXjHxQ==,6004,20211124-172414-XjDE2FHI,2021-11-24 17:26:04.139361 UTC,TRUE,FALSE,FALSE,5.066,model_A
hZZECcXXmhm8A0IHESbnrQ==,6004,20211124-172414-XjDE2FHI,2021-11-24 17:26:09.205442 UTC,TRUE,FALSE,FALSE,5.723,model_A
WRPAsnAm+nERBEN78WrjsA==,6004,20211124-172414-XjDE2FHI,2021-11-24 17:26:14.928557 UTC,FALSE,FALSE,TRUE,6.428,model_A
zpGPhzZJf5KkgZfKtNxyzQ==,6004,20211124-172414-XjDE2FHI,2021-11-24 17:26:26.987056 UTC,FALSE,FALSE,TRUE,11.728,model_A
RuxBvQiU5VXWK07ABEw7Hw==,6004,20211124-172414-XjDE2FHI,2021-11-24 17:26:43.218826 UTC,TRUE,FALSE,FALSE,5.304,model_A
A9CSaqp6RYVinfJ9zRzgug==,6004,20211124-172414-XjDE2FHI,2021-11-24 17:26:48.522871 UTC,TRUE,FALSE,FALSE,5.55,model_A
c96ynq/yeM5Iy+352PScHw==,6004,20211124-172414-XjDE2FHI,2021-11-24 17:26:54.073111 UTC,FALSE,FALSE,TRUE,12.044,model_A
dOzJst+CSXhLoU0F+arMIw==,6004,20211124-172414-XjDE2FHI,2021-11-24 17:27:06.11755 UTC,FALSE,TRUE,FALSE,0.686,model_A
KBFNw43zERr1WGK6CXwo/Q==,6004,20211124-172414-XjDE2FHI,2021-11-24 17:30:21.405345 UTC,TRUE,FALSE,FALSE,7.368,model_A
hclsGaOpzSTeWgpEb69jtg==,6004,20211124-172414-XjDE2FHI,2021-11-24 17:30:28.774029 UTC,TRUE,FALSE,FALSE,9.79,model_A
d/wPtezrKu9FEbSTowc3GQ==,6004,20211124-172414-XjDE2FHI,2021-11-24 17:30:38.564867 UTC,TRUE,FALSE,FALSE,26.598,model_A
IemE8RpB603a5Yvn+B9UYg==,6004,20211124-172414-XjDE2FHI,2021-11-24 17:31:05.163157 UTC,TRUE,FALSE,FALSE,5.302,model_A
BFYK5q27+oLqINjGXtJ7Ew==,6004,20211124-172414-XjDE2FHI,2021-11-24 17:31:10.466129 UTC,TRUE,FALSE,FALSE,13.878,model_A
d3fgBUn3rtmjGnd1g5J3LA==,6004,20211124-172414-XjDE2FHI,2021-11-24 17:31:24.344753 UTC,TRUE,FALSE,FALSE,6.355,model_A
//KEbGAZ/J7hyfICi60cMQ==,6004,20211124-172414-XjDE2FHI,2021-11-24 17:31:30.700747 UTC,FALSE,FALSE,FALSE,29.172,model_A
Rrm94aKSRJPjhDMROabJZA==,6004,20211124-172414-XjDE2FHI,2021-11-24 17:32:37.383727 UTC,FALSE,FALSE,TRUE,16.242,model_A
j2a0Qv+O3VPCkCp8zMelxA==,6024,20211124-230617-ijunpxGs,2021-11-24 23:07:03.920198 UTC,TRUE,FALSE,FALSE,5.989,model_A
D1V8AsYCMa9OlxQT9pAwVg==,6024,20211124-230617-ijunpxGs,2021-11-24 23:07:09.910061 UTC,TRUE,FALSE,FALSE,11.491,model_A
9d1PyckPb2BRow3OE3ajbA==,6024,20211124-230617-ijunpxGs,2021-11-24 23:07:21.401953 UTC,TRUE,FALSE,FALSE,5.144,model_A
bBKWUdebKe3TJH0R+alX5g==,6024,20211124-230617-ijunpxGs,2021-11-24 23:07:26.546775 UTC,TRUE,FALSE,FALSE,9.012,model_A
jSm9oLkdRqRdxX4vjEVwSQ==,6024,20211124-230617-ijunpxGs,2021-11-24 23:07:35.559606 UTC,TRUE,FALSE,FALSE,4.873,model_A
cCtXqmaFYRraxX/ZSpmjNA==,6024,20211124-230617-ijunpxGs,2021-11-24 23:07:40.433581 UTC,TRUE,FALSE,FALSE,4.971,model_A
p4Af9rfjqRGiGbLPz+kZsg==,6024,20211124-230617-ijunpxGs,2021-11-24 23:07:45.405378 UTC,TRUE,FALSE,FALSE,6.532,model_A
PWdlspQEJvddcQ+Twb/o/g==,6024,20211124-230617-ijunpxGs,2021-11-24 23:07:51.937826 UTC,TRUE,FALSE,FALSE,5.01,model_A
fF5kMfvC6SUSsjZPZ3mr0g==,6024,20211124-230617-ijunpxGs,2021-11-24 23:07:56.94881 UTC,TRUE,FALSE,FALSE,4.906,model_A
I3X7MzNgGujY9JHJe+WHhQ==,6024,20211124-230617-ijunpxGs,2021-11-24 23:08:01.855298 UTC,TRUE,FALSE,FALSE,4.851,model_A
DSl890+dg9IpVHxU8vKEjQ==,6024,20211124-230617-ijunpxGs,2021-11-24 23:08:06.7069 UTC,TRUE,FALSE,FALSE,4.984,model_A
tV1Q+1kOqZdwgHG64ZYUZg==,6024,20211124-230617-ijunpxGs,2021-11-24 23:08:11.691148 UTC,TRUE,FALSE,FALSE,5.195,model_A
aJZmnK/rbLJJCMqaF6aN4g==,6024,20211124-230617-ijunpxGs,2021-11-24 23:08:16.886567 UTC,TRUE,FALSE,FALSE,5.064,model_A
aBjP5t/UZa4JgSnVLr7U+g==,6024,20211124-230617-ijunpxGs,2021-11-24 23:08:21.951509 UTC,TRUE,FALSE,FALSE,5.16,model_A
BJV04z8XsAjr/foqXVtlaA==,6024,20211124-230617-ijunpxGs,2021-11-24 23:08:27.112094 UTC,TRUE,FALSE,FALSE,4.989,model_A
3Lh7p2/kw5ULBYhvc6529w==,6024,20211124-230617-ijunpxGs,2021-11-24 23:08:32.101735 UTC,TRUE,FALSE,FALSE,5.251,model_A
YK8iIndaJsVIXXhTa+omNQ==,6024,20211124-230617-ijunpxGs,2021-11-24 23:08:37.353651 UTC,FALSE,TRUE,FALSE,0.585,model_A
V9s5d4Y8l+i/9wuIn7eTKA==,6024,20211124-230617-ijunpxGs,2021-11-24 23:10:21.887632 UTC,TRUE,FALSE,FALSE,5.739,model_A
O0cXH8d/F0/QY8smQgtfmw==,6024,20211124-230617-ijunpxGs,2021-11-24 23:10:27.627326 UTC,TRUE,FALSE,FALSE,14.081,model_A
FNYK9GXAfbT2odrxCm2Jew==,6024,20211124-230617-ijunpxGs,2021-11-24 23:10:41.708649 UTC,TRUE,FALSE,FALSE,5.082,model_A
Henrl8uNwJ0OhhaXMHHWrg==,6024,20211124-230617-ijunpxGs,2021-11-24 23:10:46.79154 UTC,TRUE,FALSE,FALSE,4.743,model_A
zJ/fTMuPAARtFSvU2SQb1Q==,6024,20211124-230617-ijunpxGs,2021-11-24 23:10:51.534929 UTC,TRUE,FALSE,FALSE,11.756,model_A
IAoh5MVIhKZ44roFflvmMw==,6024,20211124-230617-ijunpxGs,2021-11-24 23:11:03.291607 UTC,FALSE,FALSE,TRUE,6.174,model_A
rkEbjZja+1p32tA1/MzO1w==,6024,20211124-230617-ijunpxGs,2021-11-24 23:11:22.745565 UTC,FALSE,FALSE,TRUE,7.254,model_A
6lT0xK6ZT4OC5ilcKIE/og==,6024,20211124-230617-ijunpxGs,2021-11-24 23:11:54.643445 UTC,TRUE,FALSE,FALSE,5.802,model_A
DmHPha7kNucqe+8Jl8leUA==,6024,20211124-230617-ijunpxGs,2021-11-24 23:12:00.445992 UTC,TRUE,FALSE,FALSE,5.092,model_A
ILTKUFFOHaeo9AZJci8ApQ==,6024,20211124-230617-ijunpxGs,2021-11-24 23:12:05.538174 UTC,TRUE,FALSE,FALSE,4.953,model_A
JZG0Z0CHkwjvF6ERJKCokA==,6024,20211124-230617-ijunpxGs,2021-11-24 23:12:10.492067 UTC,TRUE,FALSE,FALSE,5.216,model_A
o042b7b3AtQBEKhP6L9zWA==,6024,20211124-230617-ijunpxGs,2021-11-24 23:12:15.708672 UTC,TRUE,FALSE,FALSE,9.534,model_A
gVK8dUrrhaJej7tLw5gDvg==,6024,20211124-230617-ijunpxGs,2021-11-24 23:12:25.2429 UTC,TRUE,FALSE,FALSE,31.147,model_A
48c7P/VK+P6Mta+13L5SYw==,6024,20211124-230617-ijunpxGs,2021-11-24 23:12:56.39004 UTC,TRUE,FALSE,FALSE,5.143,model_A
iP5ecEcIZQRa/UGKHlcmwg==,6024,20211124-230617-ijunpxGs,2021-11-24 23:13:01.533387 UTC,TRUE,FALSE,FALSE,5.259,model_A
PFQFqf+F36oz8DbXRGpzTA==,6024,20211124-230617-ijunpxGs,2021-11-24 23:13:06.792902 UTC,TRUE,FALSE,FALSE,5.103,model_A
1TboAb4R4nNLZlcB/Ymqmg==,6024,20211124-230617-ijunpxGs,2021-11-24 23:13:11.896816 UTC,FALSE,TRUE,FALSE,0.609,model_A
gdeL3qewfYI+sj3l0AuuWg==,6049,20211125-182628-xVunkAVE,2021-11-25 18:27:10.840642 UTC,FALSE,FALSE,TRUE,8.764,model_B
+8BBvpUMv+0JZrwI11P+pA==,6049,20211125-182628-xVunkAVE,2021-11-25 18:27:31.468552 UTC,FALSE,FALSE,TRUE,6.427,model_B
rmM0Hc4KHFlcxvVIkfHG/Q==,6049,20211125-182628-xVunkAVE,2021-11-25 18:27:41.641798 UTC,TRUE,FALSE,FALSE,5.482,model_B
n+R2X7Z/dribXY5rD4ixtg==,6049,20211125-182628-xVunkAVE,2021-11-25 18:27:47.123849 UTC,TRUE,FALSE,FALSE,5.606,model_B
rDvdM6Lt70o5SwHytdC6Ww==,6049,20211125-182628-xVunkAVE,2021-11-25 18:27:52.73018 UTC,TRUE,FALSE,FALSE,5.257,model_B
CFuubCeVnM3jjROy/CZdqA==,6049,20211125-182628-xVunkAVE,2021-11-25 18:27:57.987782 UTC,FALSE,FALSE,TRUE,6.015,model_B
0WfJHBJ3fAC8hsRHhx1Ghw==,6049,20211125-182628-xVunkAVE,2021-11-25 18:28:17.430079 UTC,TRUE,FALSE,FALSE,5.754,model_B
mPDtsH41NFNYMaSGPzFjxw==,6049,20211125-182628-xVunkAVE,2021-11-25 18:28:23.184697 UTC,TRUE,FALSE,FALSE,4.994,model_B
ZRaHIRyithBZbbWmn2mvCQ==,6049,20211125-182628-xVunkAVE,2021-11-25 18:28:28.17883 UTC,TRUE,FALSE,FALSE,5.304,model_B
Zk3gZUPFkj83s7Yi0SAd3g==,6049,20211125-182628-xVunkAVE,2021-11-25 18:28:33.483229 UTC,FALSE,FALSE,TRUE,5.65,model_B
5W4l0IjD6yJcAO7iBJrjQA==,6049,20211125-182628-xVunkAVE,2021-11-25 18:28:42.437427 UTC,FALSE,FALSE,TRUE,5.948,model_B
s+nReuzN67549oIroX3FPQ==,6049,20211125-182628-xVunkAVE,2021-11-25 18:28:52.609816 UTC,TRUE,FALSE,FALSE,5.927,model_B
/LEz6UQyAH0S7gjR1SDVeQ==,6049,20211125-182628-xVunkAVE,2021-11-25 18:28:58.537501 UTC,TRUE,FALSE,FALSE,4.594,model_B
X5ms03UOAwA4j9kjnJorZg==,6049,20211125-182628-xVunkAVE,2021-11-25 18:29:03.131585 UTC,TRUE,FALSE,FALSE,4.905,model_B
g++SRU2BRycU50NpZnxENg==,6049,20211125-182628-xVunkAVE,2021-11-25 18:29:08.03757 UTC,TRUE,FALSE,FALSE,4.855,model_B
XTUFFw8qw2byZdHFdlDrdg==,6049,20211125-182628-xVunkAVE,2021-11-25 18:29:12.892954 UTC,FALSE,FALSE,TRUE,5.616,model_B
WI0qCGj+M7UQNHnFmuVIkw==,6049,20211125-182628-xVunkAVE,2021-11-25 18:29:21.591268 UTC,FALSE,TRUE,FALSE,1.041,model_B
t3DJ5EVELM/oAy2l4en8vw==,6052,20211125-215533-Hmqy616I,2021-11-25 21:57:04.051423 UTC,TRUE,FALSE,FALSE,6.375,model_B
zbAHPW2Fhu6uSI825B1F7w==,6052,20211125-215533-Hmqy616I,2021-11-25 21:57:10.426729 UTC,TRUE,FALSE,FALSE,4.804,model_B
qVhy++ojD4hdemau8a+j6Q==,6052,20211125-215533-Hmqy616I,2021-11-25 21:57:15.231465 UTC,TRUE,FALSE,FALSE,4.848,model_B
C5Hqpa1grnEsSPU1CuxI5A==,6052,20211125-215533-Hmqy616I,2021-11-25 21:57:20.079573 UTC,TRUE,FALSE,FALSE,4.795,model_B
2OmL8Q1RGQZeWYNfMqHKjw==,6052,20211125-215533-Hmqy616I,2021-11-25 21:57:24.874926 UTC,TRUE,FALSE,FALSE,4.593,model_B
urPiGlWh0cZwVwC6o2qmcQ==,6052,20211125-215533-Hmqy616I,2021-11-25 21:57:29.468732 UTC,TRUE,FALSE,FALSE,4.823,model_B
8AZEH1GMUv0Z3BK91pr7TA==,6052,20211125-215533-Hmqy616I,2021-11-25 21:57:34.292671 UTC,TRUE,FALSE,FALSE,4.83,model_B
K855rw+y/pVg3Yd7chs78w==,6052,20211125-215533-Hmqy616I,2021-11-25 21:57:39.123161 UTC,TRUE,FALSE,FALSE,5.154,model_B
TNTXEioLvPDcf5UYKdzBzw==,6052,20211125-215533-Hmqy616I,2021-11-25 21:57:44.277863 UTC,TRUE,FALSE,FALSE,4.608,model_B
qeQEx+06ghZvdUFNLLkksg==,6052,20211125-215533-Hmqy616I,2021-11-25 21:57:48.88636 UTC,TRUE,FALSE,FALSE,4.837,model_B
HFK2F6/pMLHtIJbds3Ai2g==,6052,20211125-215533-Hmqy616I,2021-11-25 21:57:53.724076 UTC,TRUE,FALSE,FALSE,5.469,model_B
FxtTqo2VhiMJtaOhM1r5/Q==,6052,20211125-215533-Hmqy616I,2021-11-25 21:57:59.193944 UTC,TRUE,FALSE,FALSE,5.09,model_B
PX0Xsa/vPQNHNbUpVzAWnw==,6052,20211125-215533-Hmqy616I,2021-11-25 21:58:04.284569 UTC,FALSE,TRUE,FALSE,0.707,model_B
nzsaQiSGtvcty3udU4+wcA==,6052,20211125-215533-Hmqy616I,2021-11-25 21:59:55.105934 UTC,FALSE,TRUE,FALSE,0.884,model_B
2kn1cLvftL8unBYsUQYV1A==,6052,20211125-215533-Hmqy616I,2021-11-25 22:02:13.449563 UTC,FALSE,TRUE,FALSE,0.839,model_B
IMZJqZFkwmB6/YygkiLB5A==,6052,20211125-215533-Hmqy616I,2021-11-25 22:02:24.545225 UTC,FALSE,TRUE,FALSE,1.006,model_B
5MB4DkeQm2rz2Vui8XbpJQ==,6052,20211125-214523-CzWmuqAY,2021-11-25 21:46:28.030554 UTC,TRUE,FALSE,FALSE,6.485,model_B
2gWbZoFLeb+SP5K8c4eIuA==,6052,20211125-214523-CzWmuqAY,2021-11-25 21:46:34.516124 UTC,TRUE,FALSE,FALSE,4.721,model_B
YjxB9JgPsToWDBtPB6B6Vw==,6052,20211125-214523-CzWmuqAY,2021-11-25 21:46:39.237919 UTC,TRUE,FALSE,FALSE,5.338,model_B
GwwChEpjERLP6ZttC07+8Q==,6052,20211125-214523-CzWmuqAY,2021-11-25 21:46:44.576112 UTC,TRUE,FALSE,FALSE,4.606,model_B
lPZNd4w696IMapd8VaFNYQ==,6052,20211125-214523-CzWmuqAY,2021-11-25 21:46:49.182376 UTC,TRUE,FALSE,FALSE,5.193,model_B
Uvir5RMmzzEr1ymTz0qGug==,6052,20211125-214523-CzWmuqAY,2021-11-25 21:46:54.376289 UTC,TRUE,FALSE,FALSE,4.595,model_B
+Gn4EG2HyJyUMshSFBh0KQ==,6052,20211125-214523-CzWmuqAY,2021-11-25 21:46:58.971826 UTC,TRUE,FALSE,FALSE,5.22,model_B
UthXuF9CV0hlJvje2gLo9A==,6052,20211125-214523-CzWmuqAY,2021-11-25 21:47:04.192477 UTC,TRUE,FALSE,FALSE,4.727,model_B
WlZITvYR1xHCvRYljcmvXQ==,6052,20211125-214523-CzWmuqAY,2021-11-25 21:47:08.919658 UTC,TRUE,FALSE,FALSE,5.248,model_B
RA2vB5RDZhV/aA5vjfbbxg==,6052,20211125-214523-CzWmuqAY,2021-11-25 21:47:14.168407 UTC,TRUE,FALSE,FALSE,5.082,model_B
td5fXxqQp5EekAnF1P43PA==,6052,20211125-214523-CzWmuqAY,2021-11-25 21:47:19.250479 UTC,TRUE,FALSE,FALSE,5.376,model_B
Th7rgIpUKUk5PCVlq6liVg==,6052,20211125-214523-CzWmuqAY,2021-11-25 21:47:24.626601 UTC,TRUE,FALSE,FALSE,5.357,model_B
YneCCvjFdEuxsBdUc7vQlQ==,6052,20211125-214523-CzWmuqAY,2021-11-25 21:47:29.983665 UTC,TRUE,FALSE,FALSE,4.74,model_B
h5ou6P1yAd1qvcWj0xRr+g==,6052,20211125-214523-CzWmuqAY,2021-11-25 21:47:34.724047 UTC,TRUE,FALSE,FALSE,4.988,model_B
QQUd+32XOR4kbRU+q5pvVw==,6052,20211125-214523-CzWmuqAY,2021-11-25 21:47:39.712516 UTC,TRUE,FALSE,FALSE,4.624,model_B
QYupgk4AyZ+0FuUbZLi2fA==,6052,20211125-214523-CzWmuqAY,2021-11-25 21:47:44.337236 UTC,TRUE,FALSE,FALSE,4.63,model_B
LAHn8Ka8Jqd/jPOO51qD7Q==,6052,20211125-214523-CzWmuqAY,2021-11-25 21:47:48.968232 UTC,FALSE,TRUE,FALSE,0.492,model_B
TBJQepumtIzCZS42eB8ZdQ==,6052,20211125-214523-CzWmuqAY,2021-11-25 21:51:00.958279 UTC,TRUE,FALSE,FALSE,6.718,model_B
5hDFFRixf+5KCZd2zPx1ew==,6052,20211125-214523-CzWmuqAY,2021-11-25 21:51:07.677142 UTC,TRUE,FALSE,FALSE,4.681,model_B
JVa8a0dIS4cQZpzOe769Gw==,6052,20211125-214523-CzWmuqAY,2021-11-25 21:51:12.358232 UTC,TRUE,FALSE,FALSE,5.108,model_B
rn2fYITVdCjrzGUTBzeMrQ==,6052,20211125-214523-CzWmuqAY,2021-11-25 21:51:17.467046 UTC,TRUE,FALSE,FALSE,6.904,model_B
fh/yXNmIibAcGmvgYwZOpg==,6068,20211125-202227-0e9KuWPt,2021-11-25 20:25:07.423579 UTC,FALSE,FALSE,TRUE,7.676,model_B
2Fc08tHxFt0K/Ia/4H/poA==,6068,20211125-202227-0e9KuWPt,2021-11-25 20:25:18.421689 UTC,TRUE,FALSE,FALSE,8.172,model_B
ZzozChE0r6Y8zlD+xLIGaA==,6068,20211125-202227-0e9KuWPt,2021-11-25 20:25:26.593869 UTC,FALSE,FALSE,FALSE,19.874,model_B
6S1+zqoGY0HtEc6DQFH+sQ==,6068,20211125-202227-0e9KuWPt,2021-11-25 20:26:14.015903 UTC,TRUE,FALSE,FALSE,14.612,model_B
SjXu1DhxuTOGW/IHxZJinA==,6068,20211125-202227-0e9KuWPt,2021-11-25 20:26:28.628152 UTC,FALSE,FALSE,FALSE,19.156,model_B
eV44g4OiEvTUuw5UqES/IQ==,6068,20211125-202227-0e9KuWPt,2021-11-25 20:26:54.958162 UTC,FALSE,FALSE,TRUE,11.037,model_B
uu0XqgnajIKxRxphXdifhw==,6068,20211125-202227-0e9KuWPt,2021-11-25 20:27:12.606446 UTC,FALSE,FALSE,FALSE,19.255,model_B
mY5E6hZ4R84Qhx8Mce0/2w==,6068,20211125-202227-0e9KuWPt,2021-11-25 20:27:35.706891 UTC,TRUE,FALSE,FALSE,21.791,model_B
4k9BojUoPj3WLQiiGK0FWQ==,6068,20211125-202227-0e9KuWPt,2021-11-25 20:27:57.498748 UTC,TRUE,FALSE,FALSE,12.286,model_B
bUBJD0cVdxPa+C0BXBqVcg==,6068,20211125-202227-0e9KuWPt,2021-11-25 20:28:09.785509 UTC,TRUE,FALSE,FALSE,9.513,model_B
cF53kjRjtvtrwHRPla6FHQ==,6068,20211125-202227-0e9KuWPt,2021-11-25 20:28:19.298722 UTC,FALSE,FALSE,TRUE,10.809,model_B
5YOCV5oK+jLFTPaiz5704g==,6068,20211125-202227-0e9KuWPt,2021-11-25 20:28:50.397865 UTC,FALSE,FALSE,TRUE,8.864,model_B
VdhHdU5RZyHeQGZX3cNkSQ==,6068,20211125-202227-0e9KuWPt,2021-11-25 20:29:11.071653 UTC,FALSE,FALSE,FALSE,27.367,model_B
S3zOfrhWBHTMOaKYA6EWSA==,6068,20211125-202227-0e9KuWPt,2021-11-25 20:30:02.464172 UTC,FALSE,FALSE,FALSE,27.513,model_B
+zZFh+T9tadWEismBZgcHg==,6068,20211125-202227-0e9KuWPt,2021-11-25 20:30:36.060865 UTC,FALSE,FALSE,FALSE,28.815,model_B
hwKkE0wuO0ruh3VM/yMQZg==,6068,20211125-202227-0e9KuWPt,2021-11-25 20:32:40.43991 UTC,FALSE,FALSE,FALSE,19.316,model_B
wPvxADGETExBlNjeE2OzOQ==,6068,20211125-202227-0e9KuWPt,2021-11-25 20:34:05.346679 UTC,FALSE,FALSE,FALSE,2.389,model_B
VW3rcL4Rp/eu5T09a6l8AQ==,6068,20211125-202227-0e9KuWPt,2021-11-25 20:35:07.091231 UTC,FALSE,FALSE,FALSE,2.784,model_B
yakBcxXL/ps5UfKnAS+ejg==,6068,20211125-202227-0e9KuWPt,2021-11-25 20:37:54.588915 UTC,FALSE,FALSE,TRUE,8.017,model_B
JFQMOZF4YNGn/xX8r+Kpdg==,6068,20211125-202227-0e9KuWPt,2021-11-25 20:38:12.756988 UTC,TRUE,FALSE,FALSE,6.285,model_B
7uPOlxv/gLZw9McLdfvsLQ==,6068,20211125-202227-0e9KuWPt,2021-11-25 20:38:19.042056 UTC,FALSE,FALSE,TRUE,7.296,model_B
QFltmSlbj45CbV6F7jmbZg==,6068,20211125-202227-0e9KuWPt,2021-11-25 20:39:14.558652 UTC,FALSE,FALSE,TRUE,15.557,model_B
/yKCLSbamwIakBuIfsUsKw==,6068,20211125-202227-0e9KuWPt,2021-11-25 20:39:45.807552 UTC,FALSE,FALSE,TRUE,11.567,model_B
Di28sWMfWc4JNPDoAEdZsA==,6068,20211125-202227-0e9KuWPt,2021-11-25 20:40:22.640631 UTC,TRUE,FALSE,FALSE,14.944,model_B
KgsIE6Mk7Ji+9nlCs1EkUQ==,6068,20211125-202227-0e9KuWPt,2021-11-25 20:40:37.584678 UTC,TRUE,FALSE,FALSE,5.452,model_B
N+pcziuz2HCCBNJlDf1AUg==,6068,20211125-202227-0e9KuWPt,2021-11-25 20:40:43.037128 UTC,TRUE,FALSE,FALSE,4.553,model_B
ZOKBjlSx8QM/onHGtVQRbg==,6068,20211125-202227-0e9KuWPt,2021-11-25 20:40:47.590853 UTC,TRUE,FALSE,FALSE,5.348,model_B
eOMM9y1zVO23p7tw0PClfw==,6068,20211125-202227-0e9KuWPt,2021-11-25 20:40:52.939316 UTC,FALSE,FALSE,TRUE,6.338,model_B
pKOwSVTdirz9opsHtUSjYQ==,6068,20211125-202227-0e9KuWPt,2021-11-25 20:41:13.408102 UTC,TRUE,FALSE,FALSE,5.995,model_B
fcpb+BQH1W9NisPufOFhXA==,6068,20211125-202227-0e9KuWPt,2021-11-25 20:41:19.403696 UTC,FALSE,FALSE,TRUE,6.657,model_B
3kTdihB6C3qXNd0WUxATTg==,6068,20211125-202227-0e9KuWPt,2021-11-25 20:42:25.822078 UTC,TRUE,FALSE,FALSE,15.479,model_B
3ktbp6rGJdG756U68fgOCQ==,6068,20211125-202227-0e9KuWPt,2021-11-25 20:42:41.301918 UTC,TRUE,FALSE,FALSE,9.181,model_B
GegyNjRWLcyUdi6UdT21yQ==,6068,20211125-202227-0e9KuWPt,2021-11-25 20:42:50.483042 UTC,FALSE,FALSE,TRUE,12.454,model_B
fgAon7GJBtXIiR8/Jop0rQ==,6068,20211125-202227-0e9KuWPt,2021-11-25 20:44:14.586255 UTC,FALSE,FALSE,FALSE,1,model_B
est/mjddlOvm/HGnds62Tg==,6068,20211125-202227-0e9KuWPt,2021-11-25 20:44:28.063971 UTC,TRUE,FALSE,FALSE,5.625,model_B
hHSgIzs01HxcOlGhC8tyFg==,6068,20211125-202227-0e9KuWPt,2021-11-25 20:44:33.689261 UTC,FALSE,TRUE,FALSE,1.184,model_B
5asBgqx0634d1LGRecvAyQ==,6068,20211125-202227-0e9KuWPt,2021-11-25 20:45:10.590258 UTC,FALSE,TRUE,FALSE,0.84,model_B
N8eZPIsVWuE+CF/9XXWAsA==,6068,20211125-202227-0e9KuWPt,2021-11-25 20:45:44.472842 UTC,FALSE,TRUE,FALSE,0.921,model_B
eyGfSGoMGgmfBWveQQTa0A==,6071,20211125-220711-TvgmP87J,2021-11-25 22:07:49.785242 UTC,FALSE,FALSE,TRUE,14.242,model_B
TEqk8G9xtsCvMjyb3Qf22A==,6071,20211125-220711-TvgmP87J,2021-11-25 22:08:04.02756 UTC,TRUE,FALSE,FALSE,5.545,model_B
BHhL7SnzuYAyGBGWV/zZBg==,6071,20211125-220711-TvgmP87J,2021-11-25 22:08:09.573529 UTC,TRUE,FALSE,FALSE,4.987,model_B
QrVdULnXS1EODrmE2HzU7g==,6071,20211125-220711-TvgmP87J,2021-11-25 22:08:14.561182 UTC,TRUE,FALSE,FALSE,4.857,model_B
q46A+DyoLW8Yk7B6DqQq7w==,6071,20211125-220711-TvgmP87J,2021-11-25 22:08:19.418502 UTC,TRUE,FALSE,FALSE,7.205,model_B
uPGZShgXkKLo16yhS1r4iw==,6071,20211125-220711-TvgmP87J,2021-11-25 22:08:26.623808 UTC,FALSE,FALSE,TRUE,15.663,model_B
SXBzPFhvg8kgypZVRMgKJw==,6071,20211125-220711-TvgmP87J,2021-11-25 22:11:12.745302 UTC,TRUE,FALSE,FALSE,7.515,model_B
HXiJY/f2XpS+jIGTGiCnGA==,6071,20211125-220711-TvgmP87J,2021-11-25 22:11:20.26111 UTC,TRUE,FALSE,FALSE,4.899,model_B
pt87bH+eRmKZ+uNPaa1eEw==,6071,20211125-220711-TvgmP87J,2021-11-25 22:11:25.160154 UTC,TRUE,FALSE,FALSE,9.604,model_B
fMAAO/nWirzDrbW7iXq4iQ==,6071,20211125-220711-TvgmP87J,2021-11-25 22:11:34.764451 UTC,TRUE,FALSE,FALSE,6.962,model_B
cH6c3CfxIgXTORj0l823Ng==,6071,20211125-220711-TvgmP87J,2021-11-25 22:11:41.726941 UTC,TRUE,FALSE,FALSE,14.839,model_B
pKAHMVi7Io25Ens9fsJN1w==,6071,20211125-220711-TvgmP87J,2021-11-25 22:11:56.565966 UTC,TRUE,FALSE,FALSE,14.693,model_B
wWzmmKW75TA9o1qOuMVj+w==,6071,20211125-220711-TvgmP87J,2021-11-25 22:12:11.259648 UTC,TRUE,FALSE,FALSE,10.268,model_B
TSSS1NCf26uomt4HRtF/xg==,6071,20211125-220711-TvgmP87J,2021-11-25 22:12:21.528207 UTC,TRUE,FALSE,FALSE,5.177,model_B
1SsFAoq7dTfy7Sgt8Hjsiw==,6071,20211125-220711-TvgmP87J,2021-11-25 22:12:26.705995 UTC,TRUE,FALSE,FALSE,5.355,model_B
gyjoD/Ab2//045Yb6Pf9yA==,6071,20211125-220711-TvgmP87J,2021-11-25 22:12:32.061285 UTC,FALSE,TRUE,FALSE,0.9,model_B
jps2zUBwO75s6h9oKMfmVw==,6071,20211125-220711-TvgmP87J,2021-11-25 22:16:26.321869 UTC,TRUE,FALSE,FALSE,6.69,model_B
GPTnrTrwBnXZ/45jYxTE0Q==,6071,20211125-220711-TvgmP87J,2021-11-25 22:16:33.012498 UTC,TRUE,FALSE,FALSE,5.212,model_B
6Iio1IKE4SOfNzQWa/m2hQ==,6071,20211125-220711-TvgmP87J,2021-11-25 22:16:38.224515 UTC,TRUE,FALSE,FALSE,5.087,model_B
8lK7Vjck5lfhzEGoPtVbpA==,6071,20211125-220711-TvgmP87J,2021-11-25 22:16:43.311727 UTC,TRUE,FALSE,FALSE,6.745,model_B
syicvYtONTzi31xzCjq1IA==,6071,20211125-220711-TvgmP87J,2021-11-25 22:16:50.057258 UTC,TRUE,FALSE,FALSE,5.321,model_B
p+WIyx1IwGC+YY4A4WHlPg==,6071,20211125-220711-TvgmP87J,2021-11-25 22:16:55.378887 UTC,TRUE,FALSE,FALSE,11.188,model_B
IUwVzQQSXDP/iuwC5FCUuA==,6071,20211125-220711-TvgmP87J,2021-11-25 22:17:06.567785 UTC,TRUE,FALSE,FALSE,5.149,model_B
eiVcpLR0Mcl9R8bVS9Nxig==,6071,20211125-220711-TvgmP87J,2021-11-25 22:17:11.717768 UTC,TRUE,FALSE,FALSE,9.653,model_B
4RCj2yirMiXQmktIYyp9ag==,6071,20211125-220711-TvgmP87J,2021-11-25 22:17:21.371252 UTC,TRUE,FALSE,FALSE,13.152,model_B
yF30rBJtKQh7ldVS/3yfYQ==,6071,20211125-220711-TvgmP87J,2021-11-25 22:17:34.523357 UTC,TRUE,FALSE,FALSE,4.999,model_B
cibp1EgvXwJ+Ofti14le2A==,6071,20211125-220711-TvgmP87J,2021-11-25 22:17:39.522745 UTC,TRUE,FALSE,FALSE,4.553,model_B
n736vWNTV5TsWftxtq7d7w==,6071,20211125-220711-TvgmP87J,2021-11-25 22:17:44.076503 UTC,FALSE,FALSE,TRUE,4.461,model_B
spF7qiYFRKSPYEmhclrr+A==,6071,20211125-220711-TvgmP87J,2021-11-25 22:19:12.383748 UTC,TRUE,FALSE,FALSE,6.289,model_B
vTqPaUXapS6RhVwNkCy+Bw==,6071,20211125-220711-TvgmP87J,2021-11-25 22:19:18.672923 UTC,TRUE,FALSE,FALSE,5.043,model_B
Oco1ZYurcmvTtwv03fBbiA==,6071,20211125-220711-TvgmP87J,2021-11-25 22:19:23.716556 UTC,TRUE,FALSE,FALSE,5.453,model_B
tC26adylqRTxQ3HccRXrsQ==,6071,20211125-220711-TvgmP87J,2021-11-25 22:19:29.170097 UTC,TRUE,FALSE,FALSE,5.157,model_B
tFgzeWVm+kSSGOoo0x8cSw==,6071,20211125-220711-TvgmP87J,2021-11-25 22:19:34.327689 UTC,FALSE,TRUE,FALSE,0.588,model_B
lRKF380eM7aRBGkEQfo+7g==,6072,20211125-223525-ReiPhytw,2021-11-25 22:36:00.469868 UTC,TRUE,FALSE,FALSE,5.288,model_B
iq8YqjN7PEiEf46d3Sjgbg==,6072,20211125-223525-ReiPhytw,2021-11-25 22:36:05.758543 UTC,FALSE,FALSE,TRUE,7.593,model_B
yNMJUQEUUbQiznn2RlAVGA==,6072,20211125-223525-ReiPhytw,2021-11-25 22:36:40.471933 UTC,TRUE,FALSE,FALSE,4.927,model_B
eI+fiVqg6QD/HS/E6YL1sw==,6072,20211125-223525-ReiPhytw,2021-11-25 22:36:45.399322 UTC,TRUE,FALSE,FALSE,4.608,model_B
/J3D/hNK88qofnFtTH+w4w==,6072,20211125-223525-ReiPhytw,2021-11-25 22:36:50.008103 UTC,FALSE,TRUE,FALSE,0.601,model_B
oHFEzjuIsbG04uBTyvbd0g==,6072,20211125-223525-ReiPhytw,2021-11-25 22:37:55.840493 UTC,TRUE,FALSE,FALSE,6.854,model_B
vzUyI5VaSuuA2TjFQaerjg==,6072,20211125-223525-ReiPhytw,2021-11-25 22:38:02.694946 UTC,TRUE,FALSE,FALSE,3.948,model_B
Z0cid94aUGf58MczYt7q1A==,6072,20211125-223525-ReiPhytw,2021-11-25 22:38:06.643582 UTC,FALSE,FALSE,FALSE,1.391,model_B
IivSjPMw1EySUJtsTZK3lA==,6072,20211125-223525-ReiPhytw,2021-11-25 22:38:24.823155 UTC,TRUE,FALSE,FALSE,4.683,model_B
zOFJj5jAgw9bPJ95msBNUg==,6072,20211125-223525-ReiPhytw,2021-11-25 22:38:29.50637 UTC,FALSE,FALSE,FALSE,0.739,model_B
eCQJ73Av/+qefvb6agfxvA==,6072,20211125-223525-ReiPhytw,2021-11-25 22:41:27.447303 UTC,FALSE,TRUE,FALSE,0.884,model_B
CycYJknU56DCc5t3aCROhQ==,6072,20211125-223525-ReiPhytw,2021-11-25 22:41:46.380144 UTC,FALSE,TRUE,FALSE,0.982,model_B
uGXPqOqye7ePsJCrpzxD5Q==,6069,20211125-210403-ntIRaU2q,2021-11-25 21:05:15.472131 UTC,TRUE,FALSE,FALSE,6.304,model_B
e/2WXkEzX+HKxlNw3tyr5Q==,6069,20211125-210403-ntIRaU2q,2021-11-25 21:05:21.776591 UTC,TRUE,FALSE,FALSE,4.902,model_B
gqDsf4G6JSCa2lJqMVfXrw==,6069,20211125-210403-ntIRaU2q,2021-11-25 21:05:26.679424 UTC,TRUE,FALSE,FALSE,4.854,model_B
NRC2cuPIX25puDhyQ5Kaog==,6069,20211125-210403-ntIRaU2q,2021-11-25 21:05:31.534359 UTC,TRUE,FALSE,FALSE,5.242,model_B
0uWW4FWXHdq+ymB2iqbDpg==,6069,20211125-210403-ntIRaU2q,2021-11-25 21:05:36.776636 UTC,TRUE,FALSE,FALSE,4.816,model_B
KLzykkKaZXDDS/ySIhxGGg==,6069,20211125-210403-ntIRaU2q,2021-11-25 21:05:41.592798 UTC,TRUE,FALSE,FALSE,5.099,model_B
Lz3V/H8YTkSzS2Ix6Naoxg==,6069,20211125-210403-ntIRaU2q,2021-11-25 21:05:46.692467 UTC,FALSE,TRUE,FALSE,0.698,model_B
vgVUihejEyabWazUgCf4oA==,6069,20211125-210403-ntIRaU2q,2021-11-25 21:07:44.474721 UTC,TRUE,FALSE,FALSE,6.529,model_B
f/m086zPlg/16olRRD4JZw==,6069,20211125-210403-ntIRaU2q,2021-11-25 21:07:51.003869 UTC,TRUE,FALSE,FALSE,4.784,model_B
nI0xVNxuNVUyqJV4TMYccw==,6069,20211125-210403-ntIRaU2q,2021-11-25 21:07:55.78867 UTC,TRUE,FALSE,FALSE,6.108,model_B
upZZalG/Yb1NLKhs8ZFQeg==,6069,20211125-210403-ntIRaU2q,2021-11-25 21:08:01.896772 UTC,TRUE,FALSE,FALSE,4.945,model_B
wF3xv/Fvx56Zt9G+jMG2HA==,6069,20211125-210403-ntIRaU2q,2021-11-25 21:08:06.84273 UTC,TRUE,FALSE,FALSE,4.745,model_B
tXvcpOAUmUJrckmXc0rhtA==,6069,20211125-210403-ntIRaU2q,2021-11-25 21:08:11.588367 UTC,TRUE,FALSE,FALSE,4.649,model_B
larWzU75gFC3EwQ4H4wv+A==,6069,20211125-210403-ntIRaU2q,2021-11-25 21:08:16.238203 UTC,FALSE,TRUE,FALSE,0.589,model_B
WhhtRGLOxN2rXcIr9KgVyQ==,6069,20211125-210403-ntIRaU2q,2021-11-25 21:09:46.400864 UTC,FALSE,TRUE,FALSE,0.86,model_B
fomBzSakT6oEJY8PtpJGEQ==,6050,20211125-205428-qcDZKmKT,2021-11-25 20:57:20.486262 UTC,TRUE,FALSE,FALSE,6.408,model_B
sLi/T5yCO21AWMT9VJ1mtw==,6050,20211125-205428-qcDZKmKT,2021-11-25 20:57:26.894409 UTC,TRUE,FALSE,FALSE,4.656,model_B
0v1rr8WN9EbaQPWplrjs0Q==,6050,20211125-205428-qcDZKmKT,2021-11-25 20:57:31.551338 UTC,TRUE,FALSE,FALSE,5.04,model_B
Q0bSI7KhBtXl2x1v5S8vsw==,6050,20211125-205428-qcDZKmKT,2021-11-25 20:57:36.592227 UTC,TRUE,FALSE,FALSE,5.067,model_B
B3k4yOWndWXqMgtRjPJh7Q==,6050,20211125-205428-qcDZKmKT,2021-11-25 20:57:41.659935 UTC,TRUE,FALSE,FALSE,4.991,model_B
y9HWDmS/iOwz4euuF/xKbw==,6050,20211125-205428-qcDZKmKT,2021-11-25 20:57:46.65128 UTC,TRUE,FALSE,FALSE,4.903,model_B
Chw6NUseB+tQoR8ipj6xxg==,6050,20211125-205428-qcDZKmKT,2021-11-25 20:57:51.554949 UTC,FALSE,TRUE,FALSE,0.771,model_B
wYdk2pAIBMEJ9z6wyckiVA==,6050,20211125-205428-qcDZKmKT,2021-11-25 20:59:41.239452 UTC,TRUE,FALSE,FALSE,6.517,model_B
fmbcKH1Lr0ImSb7R4fn9Qw==,6050,20211125-205428-qcDZKmKT,2021-11-25 20:59:47.756744 UTC,TRUE,FALSE,FALSE,5.002,model_B
FJGIbAV6vvH15wMLejNxEA==,6050,20211125-205428-qcDZKmKT,2021-11-25 20:59:52.759039 UTC,TRUE,FALSE,FALSE,4.79,model_B
3hXEmTXzYKTmGbiY5F3LCw==,6050,20211125-205428-qcDZKmKT,2021-11-25 20:59:57.550029 UTC,TRUE,FALSE,FALSE,4.803,model_B
Yzn2apemjPGXsPziZ8G90Q==,6050,20211125-205428-qcDZKmKT,2021-11-25 21:00:02.353769 UTC,TRUE,FALSE,FALSE,4.893,model_B
abe0DVu3IVjS0lBix/ZbQw==,6050,20211125-205428-qcDZKmKT,2021-11-25 21:00:07.246873 UTC,TRUE,FALSE,FALSE,4.91,model_B
A6Xk5qqTBE/XflAJlpga2Q==,6050,20211125-205428-qcDZKmKT,2021-11-25 21:00:12.156959 UTC,FALSE,TRUE,FALSE,0.441,model_B
PWRiozWACXW8W86Z3LNdog==,6070,20211125-212808-61ndcBei,2021-11-25 21:29:49.757812 UTC,TRUE,FALSE,FALSE,6.289,model_B
O/N2LMYiOSWjgosVm1q9Mw==,6070,20211125-212808-61ndcBei,2021-11-25 21:29:56.046891 UTC,TRUE,FALSE,FALSE,6.312,model_B
512KbzzfJUkUcBIWQouvIw==,6070,20211125-212808-61ndcBei,2021-11-25 21:30:02.359873 UTC,TRUE,FALSE,FALSE,12.095,model_B
kkRXLUjXEoCFZYYHiSG8Sg==,6070,20211125-212808-61ndcBei,2021-11-25 21:30:14.45583 UTC,TRUE,FALSE,FALSE,5.06,model_B
PFsUv66twfk25pZBvIX+gA==,6070,20211125-212808-61ndcBei,2021-11-25 21:30:19.516382 UTC,TRUE,FALSE,FALSE,7.088,model_B
0Ia1oYofK2XxIJc5pDOKuA==,6070,20211125-212808-61ndcBei,2021-11-25 21:30:26.605346 UTC,TRUE,FALSE,FALSE,5.386,model_B
W1RDbpGzYFn0CGU2t8arlg==,6070,20211125-212808-61ndcBei,2021-11-25 21:30:31.991579 UTC,TRUE,FALSE,FALSE,9.532,model_B
M2mcxhq4WefbhOL8okCBOg==,6070,20211125-212808-61ndcBei,2021-11-25 21:30:41.523736 UTC,TRUE,FALSE,FALSE,13.783,model_B
/LhSVRNTaBqRUzHzZeet6w==,6070,20211125-212808-61ndcBei,2021-11-25 21:30:55.307242 UTC,TRUE,FALSE,FALSE,4.986,model_B
NkuqtjLYxlZS8f9VVleChQ==,6070,20211125-212808-61ndcBei,2021-11-25 21:31:00.294094 UTC,TRUE,FALSE,FALSE,4.877,model_B
0XhuR5jdICIs7MYjFsFZzQ==,6070,20211125-212808-61ndcBei,2021-11-25 21:31:05.171195 UTC,TRUE,FALSE,FALSE,4.761,model_B
KuDpfUBydcUrCQAAiw4d2g==,6070,20211125-212808-61ndcBei,2021-11-25 21:31:09.932341 UTC,FALSE,FALSE,TRUE,6.413,model_B
SgE/3AYu3gNLe8qhK+WmLg==,6070,20211125-212808-61ndcBei,2021-11-25 21:32:06.019153 UTC,TRUE,FALSE,FALSE,5.53,model_B
MnRvv80y30J2BTQZNpeIwQ==,6070,20211125-212808-61ndcBei,2021-11-25 21:32:11.550135 UTC,TRUE,FALSE,FALSE,8.999,model_B
taluELRGy8wguHPHdXdyvg==,6070,20211125-212808-61ndcBei,2021-11-25 21:32:20.549491 UTC,TRUE,FALSE,FALSE,6.399,model_B
3hdOcLHjRqP36/tVzypLUg==,6070,20211125-212808-61ndcBei,2021-11-25 21:32:26.949387 UTC,TRUE,FALSE,FALSE,11.099,model_B
M17aNC+2xTSTWf+EZnrZTw==,6070,20211125-212808-61ndcBei,2021-11-25 21:32:38.049286 UTC,FALSE,TRUE,FALSE,0.506,model_B
xTGHfZfKRSJjdQoaCrRsCA==,6070,20211125-212808-61ndcBei,2021-11-25 21:35:33.640208 UTC,TRUE,FALSE,FALSE,6.644,model_B
mV0IJevB0dtub8tkf8an/A==,6070,20211125-212808-61ndcBei,2021-11-25 21:35:40.284978 UTC,TRUE,FALSE,FALSE,6.115,model_B
0paFdyuGfA7kSMghCgsKLw==,6070,20211125-212808-61ndcBei,2021-11-25 21:35:46.40019 UTC,TRUE,FALSE,FALSE,5.046,model_B
EPODVqaZMWFBNUbveX8+/Q==,6070,20211125-212808-61ndcBei,2021-11-25 21:35:51.447078 UTC,TRUE,FALSE,FALSE,4.795,model_B
01QcmRQFwH6fXAx5lvgJew==,6070,20211125-212808-61ndcBei,2021-11-25 21:35:56.242461 UTC,TRUE,FALSE,FALSE,16.65,model_B
36RzLTLgDI6STe3rnSYCeg==,6070,20211125-212808-61ndcBei,2021-11-25 21:36:12.893418 UTC,TRUE,FALSE,FALSE,4.973,model_B
0pwiuTyudilbPfe6VStNIg==,6070,20211125-212808-61ndcBei,2021-11-25 21:36:17.866519 UTC,TRUE,FALSE,FALSE,34.452,model_B
W5Zc0tavRfLuUJNubplpXw==,6070,20211125-212808-61ndcBei,2021-11-25 21:36:52.319166 UTC,TRUE,FALSE,FALSE,10.631,model_B
SNmZcAjOzxluHKxI/1zI+Q==,6070,20211125-212808-61ndcBei,2021-11-25 21:37:02.950521 UTC,TRUE,FALSE,FALSE,6.654,model_B
vV5wHPS8mAcifhp1JGoirg==,6070,20211125-212808-61ndcBei,2021-11-25 21:37:09.605312 UTC,TRUE,FALSE,FALSE,8.101,model_B
RAv8TZ8K4fMyqrO04fdJew==,6070,20211125-212808-61ndcBei,2021-11-25 21:37:17.706912 UTC,TRUE,FALSE,FALSE,5.236,model_B
1DZuiJ/papqFf5YQl4C4RA==,6070,20211125-212808-61ndcBei,2021-11-25 21:37:22.943112 UTC,TRUE,FALSE,FALSE,5.35,model_B
+4xNnLAsvMDzbqc8JBogOA==,6070,20211125-212808-61ndcBei,2021-11-25 21:37:28.294077 UTC,TRUE,FALSE,FALSE,16.35,model_B
Gy2JSLkJ9+LJpjC2NQUDUQ==,6070,20211125-212808-61ndcBei,2021-11-25 21:37:44.64465 UTC,TRUE,FALSE,FALSE,8.107,model_B
udGqYlk5I2rotAv+iLaTPA==,6070,20211125-212808-61ndcBei,2021-11-25 21:37:52.751898 UTC,TRUE,FALSE,FALSE,4.987,model_B
sgGv9jPW/eHWttHG0W5bvA==,6070,20211125-212808-61ndcBei,2021-11-25 21:37:57.739062 UTC,FALSE,FALSE,FALSE,13.089,model_B
HkPd/ea8aKjmjVPby5eUkw==,6053,20211125-222806-6QKs5cCS,2021-11-25 22:29:14.75029 UTC,TRUE,FALSE,FALSE,6.045,model_B
rKVhzgKqmPG+O7FRgDqtNA==,6053,20211125-222806-6QKs5cCS,2021-11-25 22:29:20.796113 UTC,FALSE,FALSE,TRUE,6.114,model_B
eDw4bKOEf5AjsQaoQDK/4w==,6053,20211125-222806-6QKs5cCS,2021-11-25 22:29:30.914809 UTC,TRUE,FALSE,FALSE,6.955,model_B
Hq4/HMyJqARoFr5Ldu9XkA==,6053,20211125-222806-6QKs5cCS,2021-11-25 22:29:37.870355 UTC,FALSE,TRUE,FALSE,0.595,model_B
F4w7lgENDQ3PEQFG75s5Wg==,6053,20211125-222806-6QKs5cCS,2021-11-25 22:31:20.413598 UTC,TRUE,FALSE,FALSE,6.093,model_B
YylHXea/Y11DKCMp/LKOTw==,6053,20211125-222806-6QKs5cCS,2021-11-25 22:31:26.506771 UTC,TRUE,FALSE,FALSE,6.306,model_B
w3oRpAN+JI08TILAuVqfCg==,6053,20211125-222806-6QKs5cCS,2021-11-25 22:31:32.812951 UTC,TRUE,FALSE,FALSE,9.262,model_B
Xn1+ISXl0otvfNPZgtYC5A==,6053,20211125-222806-6QKs5cCS,2021-11-25 22:31:42.075177 UTC,FALSE,TRUE,FALSE,0.873,model_B
ymQ58iI/K7ySilJvC9EA3A==,6053,20211125-222806-6QKs5cCS,2021-11-25 22:32:18.742694 UTC,FALSE,TRUE,FALSE,0.9,model_B
k8GscTHYDPK09yhPFXXv0w==,6049,20211125-183448-nZyPYDPK,2021-11-25 18:35:00.199158 UTC,TRUE,FALSE,FALSE,6.729,model_B
V9mO9P3SXIXY26rG2gz86Q==,6049,20211125-183448-nZyPYDPK,2021-11-25 18:35:06.92908 UTC,TRUE,FALSE,FALSE,4.729,model_B
xmJGxwwLmyx7PkOSEqqo2A==,6049,20211125-183448-nZyPYDPK,2021-11-25 18:35:11.658633 UTC,TRUE,FALSE,FALSE,9.489,model_B
tLpkywFAvHu4fsjNwekYhA==,6049,20211125-183448-nZyPYDPK,2021-11-25 18:35:21.148111 UTC,FALSE,FALSE,TRUE,5.328,model_B
1vfO1G2GFguvQ6V9oNPp3g==,6049,20211125-183448-nZyPYDPK,2021-11-25 18:35:33.995018 UTC,TRUE,FALSE,FALSE,11.265,model_B
tfohy2QvkdGmo/53Zalqgg==,6049,20211125-183448-nZyPYDPK,2021-11-25 18:35:45.260646 UTC,TRUE,FALSE,FALSE,5.19,model_B
m/BZ5sUn4TOUL8uXfMs46w==,6049,20211125-183448-nZyPYDPK,2021-11-25 18:35:50.451436 UTC,TRUE,FALSE,FALSE,5.709,model_B
ytrMy+dlbHfzDhmUdGPmwA==,6049,20211125-183448-nZyPYDPK,2021-11-25 18:35:56.1607 UTC,FALSE,FALSE,TRUE,6.04,model_B
kddac2o3ywloXSXi/20W9g==,6049,20211125-183448-nZyPYDPK,2021-11-25 18:36:21.949112 UTC,FALSE,FALSE,TRUE,6.78,model_B
pwQUlalXzIi27q1h721MHQ==,6049,20211125-183448-nZyPYDPK,2021-11-25 18:36:35.511485 UTC,FALSE,FALSE,TRUE,6.502,model_B
e1j5RQ2pA28emCLbgCWWTg==,6049,20211125-183448-nZyPYDPK,2021-11-25 18:36:44.636826 UTC,TRUE,FALSE,FALSE,5.212,model_B
zopzzaT3Hrx51cXPb3TtHA==,6049,20211125-183448-nZyPYDPK,2021-11-25 18:36:49.849639 UTC,TRUE,FALSE,FALSE,5.253,model_B
kd+iR2kmV166L8FHx1Kj4A==,6049,20211125-183448-nZyPYDPK,2021-11-25 18:36:55.103431 UTC,FALSE,FALSE,TRUE,6.598,model_B
iN5pzZae7qhVLJmB58A/Ag==,6049,20211125-183448-nZyPYDPK,2021-11-25 18:37:04.651824 UTC,FALSE,FALSE,TRUE,10.982,model_B
i9sMRtjkAb2g/QDyYHA95Q==,6049,20211125-183448-nZyPYDPK,2021-11-25 18:37:19.927569 UTC,TRUE,FALSE,FALSE,5.233,model_B
JFfGUCI8sfe+KxCrBfsnfw==,6049,20211125-183448-nZyPYDPK,2021-11-25 18:37:25.161381 UTC,FALSE,FALSE,TRUE,5.468,model_B
yQmf0yJdbCJWIhwUcoyrng==,6049,20211125-183448-nZyPYDPK,2021-11-25 18:37:34.27644 UTC,FALSE,TRUE,FALSE,0.821,model_B
f7kS1GQQ75J5eJXUxPfDmQ==,6049,20211125-183448-nZyPYDPK,2021-11-25 18:44:48.825132 UTC,TRUE,FALSE,FALSE,7.18,model_B
BZ6tjKRm0fSVYOdMCLz0UA==,6049,20211125-183448-nZyPYDPK,2021-11-25 18:44:56.005192 UTC,TRUE,FALSE,FALSE,4.557,model_B
5YZpkX25JodWxixP0r10VA==,6049,20211125-183448-nZyPYDPK,2021-11-25 18:45:00.562836 UTC,TRUE,FALSE,FALSE,4.527,model_B
3dwapQv3lomq+JPfw10nEA==,6049,20211125-183448-nZyPYDPK,2021-11-25 18:45:05.08984 UTC,TRUE,FALSE,FALSE,4.986,model_B
ufP6F47FcMhoW/xbdGGyYQ==,6049,20211125-183448-nZyPYDPK,2021-11-25 18:45:10.075877 UTC,TRUE,FALSE,FALSE,4.573,model_B
L1PwSUg7pGINnC902O6Gfw==,6049,20211125-183448-nZyPYDPK,2021-11-25 18:45:14.649738 UTC,TRUE,FALSE,FALSE,4.803,model_B
lqU+gxyDmZjfolfof1Yx/w==,6049,20211125-183448-nZyPYDPK,2021-11-25 18:45:19.453291 UTC,TRUE,FALSE,FALSE,5.224,model_B
0P/9PbY5Qu7ZPm/5tklsQg==,6049,20211125-183448-nZyPYDPK,2021-11-25 18:45:24.677654 UTC,TRUE,FALSE,FALSE,16.231,model_B
8FuWyhbTSPfUZ45trjrRow==,6049,20211125-183448-nZyPYDPK,2021-11-25 18:45:40.909564 UTC,TRUE,FALSE,FALSE,5.388,model_B
dB/N5+K4m8BB4IVfw46Yew==,6049,20211125-183448-nZyPYDPK,2021-11-25 18:45:46.297725 UTC,TRUE,FALSE,FALSE,20.77,model_B
jJxjKDOd7+c88PHgxX30gA==,6049,20211125-183448-nZyPYDPK,2021-11-25 18:46:07.068201 UTC,TRUE,FALSE,FALSE,14.293,model_B
/9ZOrNF07QhTPArKhhvtiw==,6049,20211125-183448-nZyPYDPK,2021-11-25 18:46:21.362171 UTC,TRUE,FALSE,FALSE,10.153,model_B
h6IS1Fglp4ckecUQenx1ug==,6049,20211125-183448-nZyPYDPK,2021-11-25 18:46:31.515855 UTC,TRUE,FALSE,FALSE,8.5,model_B
+Za7xldDKUtsbfD8adJTXQ==,6049,20211125-183448-nZyPYDPK,2021-11-25 18:46:40.016389 UTC,TRUE,FALSE,FALSE,19.491,model_B
mE5NXV0ajXf74jFKX6oPbw==,6049,20211125-183448-nZyPYDPK,2021-11-25 18:46:59.507552 UTC,TRUE,FALSE,FALSE,4.773,model_B
jdq3twYJvC0CVnzH7Msu/Q==,6049,20211125-183448-nZyPYDPK,2021-11-25 18:47:04.281229 UTC,TRUE,FALSE,FALSE,14.362,model_B
qwofrJSV6+DeJApmPJRcKg==,6049,20211125-183448-nZyPYDPK,2021-11-25 18:47:18.64347 UTC,TRUE,FALSE,FALSE,7.075,model_B
rCrgGqpkaYSayCvZGuwjUg==,6049,20211125-183448-nZyPYDPK,2021-11-25 18:47:25.718694 UTC,TRUE,FALSE,FALSE,13.39,model_B
7KRxF98kS8thvjjdt//0zA==,6049,20211125-183448-nZyPYDPK,2021-11-25 18:47:39.108961 UTC,TRUE,FALSE,FALSE,6.811,model_B
/vWMDqOW7zdkKAn+m7NJrg==,6049,20211125-183448-nZyPYDPK,2021-11-25 18:47:45.920943 UTC,TRUE,FALSE,FALSE,6.986,model_B
CODrAcIZKnhqQiOTKGapqQ==,6049,20211125-183448-nZyPYDPK,2021-11-25 18:47:52.90726 UTC,TRUE,FALSE,FALSE,12.705,model_B
iPj6V65ybm+smdl6tMnZ3Q==,6049,20211125-183448-nZyPYDPK,2021-11-25 18:48:05.613221 UTC,TRUE,FALSE,FALSE,7.154,model_B
hg3e2CwLHdfCm7e6Yn+i6g==,6049,20211125-183448-nZyPYDPK,2021-11-25 18:48:12.768194 UTC,TRUE,FALSE,FALSE,11.015,model_B
M6lnbtEuJ8woqhptoRH5fw==,6049,20211125-183448-nZyPYDPK,2021-11-25 18:48:23.783314 UTC,FALSE,FALSE,FALSE,7.83,model_B
CDsuzwOKb49WXa5fXrJ8vw==,6051,20211125-211456-HC2aIRu1,2021-11-25 21:15:35.756042 UTC,TRUE,FALSE,FALSE,6.488,model_B
RBdN2OETuswBDLpyPAiWEg==,6051,20211125-211456-HC2aIRu1,2021-11-25 21:15:42.24482 UTC,TRUE,FALSE,FALSE,4.857,model_B
5fHMu0PmfTRSljRJ3o3ZMw==,6051,20211125-211456-HC2aIRu1,2021-11-25 21:15:47.102591 UTC,TRUE,FALSE,FALSE,4.943,model_B
MiUwRgDwjOJ5TypgrGtnLA==,6051,20211125-211456-HC2aIRu1,2021-11-25 21:15:52.046231 UTC,TRUE,FALSE,FALSE,4.898,model_B
sBdjaGnObzJZDZQs7c7cIg==,6051,20211125-211456-HC2aIRu1,2021-11-25 21:15:56.9449 UTC,TRUE,FALSE,FALSE,4.794,model_B
slZr6SGr10Oo2K54L8yCkg==,6051,20211125-211456-HC2aIRu1,2021-11-25 21:16:01.73965 UTC,TRUE,FALSE,FALSE,4.682,model_B
izUB+owaJU3qAaaDeTMHaw==,6051,20211125-211456-HC2aIRu1,2021-11-25 21:16:06.422458 UTC,TRUE,FALSE,FALSE,4.714,model_B
Lazytze/lRjuZC06JpqYbg==,6051,20211125-211456-HC2aIRu1,2021-11-25 21:16:11.137356 UTC,TRUE,FALSE,FALSE,6.771,model_B
0X2DPoTAWFmPeOTBsthfIQ==,6051,20211125-211456-HC2aIRu1,2021-11-25 21:16:17.909211 UTC,TRUE,FALSE,FALSE,5.099,model_B
bWzfUxA1EoRd80BU5/13UA==,6051,20211125-211456-HC2aIRu1,2021-11-25 21:16:23.008853 UTC,TRUE,FALSE,FALSE,5.472,model_B
uS2mNGbNcZRGG2bVxn/nxg==,6051,20211125-211456-HC2aIRu1,2021-11-25 21:16:28.481109 UTC,TRUE,FALSE,FALSE,5.004,model_B
yhQq4NEDztloOF8jgVlWFA==,6051,20211125-211456-HC2aIRu1,2021-11-25 21:16:33.485977 UTC,TRUE,FALSE,FALSE,8.148,model_B
jcESwtntsSWuFmBMcaFnvA==,6051,20211125-211456-HC2aIRu1,2021-11-25 21:16:41.634407 UTC,TRUE,FALSE,FALSE,4.851,model_B
+1w4D7VlyA9KvPuzDVXKuw==,6051,20211125-211456-HC2aIRu1,2021-11-25 21:16:46.485571 UTC,TRUE,FALSE,FALSE,4.806,model_B
HHy7HW/HSX9Xd1VxybdSBQ==,6051,20211125-211456-HC2aIRu1,2021-11-25 21:16:51.292319 UTC,TRUE,FALSE,FALSE,5.153,model_B
30eBTAB3z4UvC3qhVLbjZg==,6051,20211125-211456-HC2aIRu1,2021-11-25 21:16:56.446253 UTC,TRUE,FALSE,FALSE,5.141,model_B
wgAOSpMIndi7pNw12Lgmyw==,6051,20211125-211456-HC2aIRu1,2021-11-25 21:17:01.58805 UTC,FALSE,TRUE,FALSE,0.752,model_B
5Hfk4+NwG1zEOrLsqBcV1Q==,6051,20211125-211456-HC2aIRu1,2021-11-25 21:19:36.840838 UTC,TRUE,FALSE,FALSE,5.997,model_B
pab1BSR3cLiLxsnWnKYdvg==,6051,20211125-211456-HC2aIRu1,2021-11-25 21:19:42.837863 UTC,TRUE,FALSE,FALSE,4.969,model_B
gHVaG0EWwSwSq0BmMYfkZg==,6051,20211125-211456-HC2aIRu1,2021-11-25 21:19:47.807612 UTC,TRUE,FALSE,FALSE,4.884,model_B
CJj/Y9WxI1BPVTK7jAXfmQ==,6051,20211125-211456-HC2aIRu1,2021-11-25 21:19:52.692055 UTC,TRUE,FALSE,FALSE,5.042,model_B
P+9aNTFl7rGwntYa8jx/hQ==,6051,20211125-211456-HC2aIRu1,2021-11-25 21:19:57.734758 UTC,TRUE,FALSE,FALSE,4.901,model_B
2VC4u4SY/0wAg+SDqRyENw==,6051,20211125-211456-HC2aIRu1,2021-11-25 21:20:02.636611 UTC,TRUE,FALSE,FALSE,9.551,model_B
IWRmhR6m8nGpNSSc4kC5rw==,6051,20211125-211456-HC2aIRu1,2021-11-25 21:20:12.18842 UTC,TRUE,FALSE,FALSE,4.901,model_B
9Irm/P/x0lzmgQ+dWJDWFw==,6051,20211125-211456-HC2aIRu1,2021-11-25 21:20:17.089491 UTC,TRUE,FALSE,FALSE,4.762,model_B
BtAtE1PYQewYlSpjQ8xohg==,6051,20211125-211456-HC2aIRu1,2021-11-25 21:20:21.851654 UTC,TRUE,FALSE,FALSE,5.04,model_B
RrNk48aboSCk/ekOipEyTA==,6051,20211125-211456-HC2aIRu1,2021-11-25 21:20:26.892154 UTC,TRUE,FALSE,FALSE,4.901,model_B
QWWHtzPewNfYijJsPQwa5A==,6051,20211125-211456-HC2aIRu1,2021-11-25 21:20:31.793266 UTC,TRUE,FALSE,FALSE,6.651,model_B
s5zshMD3+/RjaLDXe8/WkQ==,6051,20211125-211456-HC2aIRu1,2021-11-25 21:20:38.445078 UTC,TRUE,FALSE,FALSE,5.092,model_B
RmTycFY6n/QmE/OPle7Zbg==,6051,20211125-211456-HC2aIRu1,2021-11-25 21:20:43.537583 UTC,FALSE,FALSE,TRUE,1.419,model_B